image	function	va	bytes	unit	strict_percent	verdict
PSX.EXE	main	0x80010028	0xd0	psx.main	100	exact-preserved
GAME.EXE	repeat_store_word	0x80014268	0x24	game.main	100	exact-preserved
GAME.EXE	main	0x8001428c	0x88	game.main	78.52941	partial-preserved
GAME.EXE	sprite_add_ft4	0x80014314	0x1c0	game.sprite_add_ft4	100	exact-preserved
GAME.EXE	display_play_transition	0x800144d4	0x1a0	game.display_play_transition	100	exact-preserved
GAME.EXE	player_warp_shimmer_at_player	0x80014674	0x44	game.player_warp_shimmer_at_player	100	exact-preserved
GAME.EXE	game_main_loop	0x800146b8	0x2e4	game.game	100	exact-preserved
GAME.EXE	game_shutdown	0x8001499c	0x38	game.game	100	exact-preserved
GAME.EXE	frame_pacer_vsync_callback	0x800149d4	0x20	game.game	100	exact-preserved
GAME.EXE	frame_pacer_wait	0x800149f4	0x70	game.game	100	exact-preserved
GAME.EXE	angle_approach	0x80014a64	0xc8	game.matrix_rotation	100	exact-preserved
GAME.EXE	angle_to_forward_xz	0x80014b2c	0x50	game.matrix_rotation	100	exact-preserved
GAME.EXE	matrix_set_rotation_x	0x80014b7c	0x70	game.matrix_rotation	100	exact-preserved
GAME.EXE	matrix_set_rotation_y	0x80014bec	0x70	game.matrix_rotation	100	exact-preserved
GAME.EXE	matrix_set_rotation_z	0x80014c5c	0x70	game.matrix_rotation	100	exact-preserved
GAME.EXE	matrix_set_rotation_yxz	0x80014ccc	0x68	game.matrix_rotation	100	exact-preserved
GAME.EXE	pitch_yaw_to_forward_vector	0x80014d34	0xd4	game.matrix_rotation	100	exact-preserved
GAME.EXE	vector2s_scale_shift11	0x80014e08	0x40	game.matrix_rotation	100	exact-preserved
GAME.EXE	vector3s_scale_shift12	0x80014e48	0x5c	game.matrix_rotation	100	exact-preserved
GAME.EXE	vector2s_scale_shift12	0x80014ea4	0x40	game.matrix_rotation	100	exact-preserved
GAME.EXE	vector3s_scale_shift12_alt	0x80014ee4	0x5c	game.matrix_rotation	100	exact-preserved
GAME.EXE	vector3i_add_xz	0x80014f40	0x2c	game.matrix_rotation	100	exact-preserved
GAME.EXE	angle_within_tolerance	0x80014f6c	0x3c	game.matrix_rotation	100	exact-preserved
GAME.EXE	angle_mod_delta_le_half_turn	0x80014fa8	0x10	game.matrix_rotation	100	exact-preserved
GAME.EXE	vector_xz_to_angle	0x80014fb8	0xb0	game.matrix_rotation	100	exact-preserved
GAME.EXE	fixed_vector2_length	0x80015068	0x40	game.matrix_rotation	100	exact-preserved
GAME.EXE	weapon_records_load_and_mirror_angles	0x800150a8	0x54	game.equipment	100	exact-preserved
GAME.EXE	armor_records_load	0x800150fc	0x2c	game.equipment	100	exact-preserved
GAME.EXE	fixed6_ratio_step	0x80015128	0x3c	game.equipment	100	exact-preserved
GAME.EXE	player_death_begin	0x80015164	0x68	game.player_death	100	exact-preserved
GAME.EXE	game_state_initialize	0x800151cc	0x2e4	game.player_death	100	exact-preserved
GAME.EXE	player_death_restart	0x800154b0	0x19c	game.player_death	100	exact-preserved
GAME.EXE	player_adjust_hp	0x8001564c	0x70	game.player_death	100	exact-preserved
GAME.EXE	player_adjust_mp	0x800156bc	0x58	game.player_death	100	exact-preserved
GAME.EXE	player_recalculate_combat_stats	0x80015714	0x814	game.player_death	100	exact-preserved
GAME.EXE	player_increment_physical_power_training	0x80015f28	0x98	game.player_death	100	exact-preserved
GAME.EXE	player_increment_magic_training	0x80015fc0	0x98	game.player_death	100	exact-preserved
GAME.EXE	player_add_experience	0x80016058	0x224	game.player_death	100	exact-preserved
GAME.EXE	player_calculate_damage_component	0x8001627c	0xa8	game.player_death	100	exact-preserved
GAME.EXE	player_apply_damage	0x80016324	0x390	game.player_death	100	exact-preserved
GAME.EXE	player_apply_radial_damage	0x800166b4	0x130	game.player_death	100	exact-preserved
GAME.EXE	player_select_magic	0x800167e4	0x64	game.player_death	100	exact-preserved
GAME.EXE	player_set_equipment_slot	0x80016848	0x1e8	game.player_core	100	exact-preserved
GAME.EXE	player_equip_weapon	0x80016a30	0xf4	game.player_core	100	exact-preserved
GAME.EXE	player_begin_weapon_attack	0x80016b24	0x9c	game.player_core	100	exact-preserved
GAME.EXE	player_update_weapon_attack	0x80016bc0	0x264	game.player_core	100	exact-preserved
GAME.EXE	game_initialize_session	0x80016e24	0x94	game.player_core	100	exact-preserved
GAME.EXE	player_clear_motion	0x80016eb8	0x30	game.player_core	100	exact-preserved
GAME.EXE	player_sync_position_to_map	0x80016ee8	0x158	game.player_core	100	exact-preserved
GAME.EXE	player_distance_to_point_in_cone	0x80017040	0xc8	game.player_core	100	exact-preserved
GAME.EXE	player_distance_to_point	0x80017108	0xf4	game.player_core	100	exact-preserved
GAME.EXE	player_move_horizontal	0x800171fc	0x828	game.player_core	96.56896	partial-preserved
GAME.EXE	player_update_view_bob	0x80017a24	0x5c	game.player_core	100	exact-preserved
GAME.EXE	player_update_vertical_motion	0x80017a80	0x278	game.player_core	100	exact-preserved
GAME.EXE	player_warp_to_floor_entry	0x80017cf8	0x144	game.player_core	99.87654	partial-preserved
GAME.EXE	player_update_transform_snapshot	0x80017e3c	0xa0	game.player_core	100	exact-preserved
GAME.EXE	actor_show_info_image	0x80017edc	0xc8	game.player_use_item	100	exact-preserved
GAME.EXE	map_event_show_person_image	0x80017fa4	0xb0	game.player_use_item	100	exact-preserved
GAME.EXE	player_use_item	0x80018054	0x45c	game.player_use_item	100	exact-preserved
GAME.EXE	player_death_apply_visual_fade	0x800184b0	0x90	game.player_death_fade	100	exact-preserved
GAME.EXE	player_death_update	0x80018540	0x184	game.player_death_fade	100	exact-preserved
GAME.EXE	player_death_update_reverse_fade	0x800186c4	0xe0	game.player_death_fade	100	exact-preserved
GAME.EXE	lighting_apply_weapon9_environment	0x800187a4	0x4c	game.lighting_presets	100	exact-preserved
GAME.EXE	lighting_apply_timed_player_effect	0x800187f0	0x34	game.lighting_presets	100	exact-preserved
GAME.EXE	lighting_apply_color_preset6	0x80018824	0x34	game.lighting_presets	100	exact-preserved
GAME.EXE	player_apply_fire_defense_boost	0x80018858	0x28	game.player_status_effect4	100	exact-preserved
GAME.EXE	player_update	0x80018880	0x1a1c	game.player_update	99.96948	partial-preserved
GAME.EXE	map_floor_height_for_cell_position	0x8001a29c	0x1b0	game.collision_grid	100	exact-preserved
GAME.EXE	map_floor_height_at_position	0x8001a44c	0x9c	game.collision_grid	100	exact-preserved
GAME.EXE	collision_adjust_cell_occupancy	0x8001a4e8	0xc4	game.collision_grid	100	exact-preserved
GAME.EXE	collision_query_world	0x8001a5ac	0x504	game.collision	100	exact-preserved
GAME.EXE	memory_malloc_checked	0x8001aab0	0x38	game.memory	100	exact-preserved
GAME.EXE	memory_allocation_reset	0x8001aae8	0x20	game.memory	100	exact-preserved
GAME.EXE	memory_set_allocation_mode	0x8001ab08	0xa8	game.memory	100	exact-preserved
GAME.EXE	memory_capture_system_heap_start	0x8001abb0	0x20	game.memory	100	exact-preserved
GAME.EXE	memory_reset_system_heap	0x8001abd0	0x3c	game.memory	100	exact-preserved
GAME.EXE	memory_allocate	0x8001ac0c	0x80	game.memory	100	exact-preserved
GAME.EXE	memory_release_last	0x8001ac8c	0x64	game.memory	100	exact-preserved
GAME.EXE	cd_file_load_allocated	0x8001acf0	0x170	game.cd_file	100	exact-preserved
GAME.EXE	cd_file_load_table_entry	0x8001ae60	0x13c	game.cd_file	100	exact-preserved
GAME.EXE	cd_file_load_into	0x8001af9c	0x164	game.cd_file	100	exact-preserved
GAME.EXE	tim_upload_images	0x8001b100	0x80	game.resources	100	exact-preserved
GAME.EXE	common_resources_load	0x8001b180	0x210	game.resources	100	exact-preserved
GAME.EXE	map_resource_path_set_floor	0x8001b390	0x14	game.resources	100	exact-preserved
GAME.EXE	map_resource_load_file	0x8001b3a4	0x40	game.resources	100	exact-preserved
GAME.EXE	map_resource_copy_words	0x8001b3e4	0x30	game.resources	100	exact-preserved
GAME.EXE	map_variant_assets_load	0x8001b414	0x88	game.resources	100	exact-preserved
GAME.EXE	audio_play_current_map_sequence	0x8001b49c	0xbc	game.resources	100	exact-preserved
GAME.EXE	map_resources_load	0x8001b558	0x258	game.resources	100	exact-preserved
GAME.EXE	display_show_error_screen	0x8001b7b0	0x308	game.render	100	exact-preserved
GAME.EXE	lighting_set_active_color_matrix	0x8001bab8	0x2c	game.render	100	exact-preserved
GAME.EXE	effect5_texture_cache_prepare	0x8001bae4	0xb0	game.render	100	exact-preserved
GAME.EXE	display_initialize	0x8001bb94	0x14c	game.render	100	exact-preserved
GAME.EXE	render_initialize	0x8001bce0	0x2d8	game.render	100	exact-preserved
GAME.EXE	display_begin_frame	0x8001bfb8	0x98	game.render	100	exact-preserved
GAME.EXE	display_present_frame	0x8001c050	0x98	game.render	100	exact-preserved
GAME.EXE	tmd_select	0x8001c0e8	0x2c	game.render	100	exact-preserved
GAME.EXE	tmd_get_object	0x8001c114	0x24	game.render	100	exact-preserved
GAME.EXE	tmd_set_current_vertices	0x8001c138	0x10	game.render	100	exact-preserved
GAME.EXE	tmd_select_object_vertices	0x8001c148	0x3c	game.render	100	exact-preserved
GAME.EXE	render_set_view_transform	0x8001c184	0x12c	game.render	100	exact-preserved
GAME.EXE	tmd_prepare_primitive_indices	0x8001c2b0	0x300	game.render	100	exact-preserved
GAME.EXE	tmd_register	0x8001c5b0	0x3c	game.render	100	exact-preserved
GAME.EXE	tmd_release_last_allocation	0x8001c5ec	0x20	game.render	100	exact-preserved
GAME.EXE	tmd_project_vertices	0x8001c60c	0x9c	game.render	100	exact-preserved
GAME.EXE	tmd_project_vertices_shift	0x8001c6a8	0xac	game.render	100	exact-preserved
GAME.EXE	tmd_transform_vertices	0x8001c754	0xa4	game.render	100	exact-preserved
GAME.EXE	render_enqueue_tmd	0x8001c7f8	0xf38	game.render_enqueue	100	exact-preserved
GAME.EXE	render_enqueue_model	0x8001d730	0x6e8	game.render_enqueue	100	exact-preserved
GAME.EXE	render_enqueue_map	0x8001de18	0x418	game.render_enqueue	100	exact-preserved
GAME.EXE	render_enqueue_sprite	0x8001e230	0x250	game.render_enqueue	100	exact-preserved
GAME.EXE	render_screen_sprite	0x8001e480	0x16c	game.render_sprite	100	exact-preserved
GAME.EXE	render_map_cell	0x8001e5ec	0x250	game.render_map_cells	99.87838	partial-preserved
GAME.EXE	render_map_cells	0x8001e83c	0x168	game.render_map_cells	100	exact-preserved
GAME.EXE	render_actor	0x8001e9a4	0x214	game.entity_model_render	100	exact-preserved
GAME.EXE	render_map_object	0x8001ebb8	0x180	game.entity_model_render	100	exact-preserved
GAME.EXE	menu_render_item_model	0x8001ed38	0x58	game.entity_model_render	100	exact-preserved
GAME.EXE	render_floor_item	0x8001ed90	0x14c	game.entity_render	100	exact-preserved
GAME.EXE	render_actor_sprite	0x8001eedc	0x1e8	game.entity_render	100	exact-preserved
GAME.EXE	render_map_event	0x8001f0c4	0x154	game.map_event_render	100	exact-preserved
GAME.EXE	render_entities	0x8001f218	0x580	game.render_scene	100	exact-preserved
GAME.EXE	render_weapon	0x8001f798	0x118	game.geometry_render	100	exact-preserved
GAME.EXE	render_effect_sprites	0x8001f8b0	0x124	game.geometry_render	100	exact-preserved
GAME.EXE	render_hud_gauges	0x8001f9d4	0x70	game.geometry_render	100	exact-preserved
GAME.EXE	notify_enqueue	0x8001fa44	0xa0	game.geometry_render	100	exact-preserved
GAME.EXE	notification_digit_set_v	0x8001fae4	0x18	game.geometry_render	100	exact-preserved
GAME.EXE	notify_effect_update	0x8001fafc	0x2cc	game.geometry_render	100	exact-preserved
GAME.EXE	display_flip_buffer_index	0x8001fdc8	0x1c	game.geometry_render	100	exact-preserved
GAME.EXE	render_frame	0x8001fde4	0x518	game.render_frame	100	exact-preserved
GAME.EXE	matrix_interpolate	0x800202fc	0x68	game.matrix_lerp	100	exact-preserved
GAME.EXE	lighting_set_color_matrix	0x80020364	0x2c	game.matrix_lerp	100	exact-preserved
GAME.EXE	lighting_set_light_matrix	0x80020390	0x2c	game.matrix_lerp	100	exact-preserved
GAME.EXE	fog_interpolate_near	0x800203bc	0x44	game.matrix	100	exact-preserved
GAME.EXE	fog_set_near	0x80020400	0x28	game.matrix	100	exact-preserved
GAME.EXE	color_lerp_rgb555	0x80020428	0x98	game.color_lerp_rgb555	100	exact-preserved
GAME.EXE	asset_registry_load_tmd_archive	0x800204c0	0x9c	game.asset_registry	100	exact-preserved
GAME.EXE	asset_registry_set	0x8002055c	0x40	game.asset_registry	100	exact-preserved
GAME.EXE	asset_registry_select	0x8002059c	0x38	game.asset_registry	100	exact-preserved
GAME.EXE	render_bind_animated_instance	0x800205d4	0x3a4	game.pool	100	exact-preserved
GAME.EXE	pool_reset	0x80020978	0x30	game.pool	100	exact-preserved
GAME.EXE	pool_mark_allocated	0x800209a8	0x3c	game.pool	100	exact-preserved
GAME.EXE	pool_record_release	0x800209e4	0x48	game.pool	100	exact-preserved
GAME.EXE	pool_release_all	0x80020a2c	0x6c	game.pool	100	exact-preserved
GAME.EXE	pool_release_stale	0x80020a98	0x6c	game.pool	100	exact-preserved
GAME.EXE	pool_allocate	0x80020b04	0x48	game.pool	100	exact-preserved
GAME.EXE	item_load_floor_placements	0x80020b4c	0x1b0	game.item	100	exact-preserved
GAME.EXE	item_load_database	0x80020cfc	0x5dc	game.item	99.746666	partial-preserved
GAME.EXE	item_menu_root	0x800212d8	0x260	game.item	100	exact-preserved
GAME.EXE	item_menu_buy	0x80021538	0x5c4	game.item	100	exact-preserved
GAME.EXE	item_menu_sell	0x80021afc	0x500	game.item	100	exact-preserved
GAME.EXE	item_pickup_confirm	0x80021ffc	0x2b8	game.item	100	exact-preserved
GAME.EXE	menu_save_confirm	0x800222b4	0x94	game.menu	100	exact-preserved
GAME.EXE	menu_root	0x80022348	0x2c0	game.menu	100	exact-preserved
GAME.EXE	menu_use_item_panel	0x80022608	0x774	game.menu	100	exact-preserved
GAME.EXE	menu_map_viewer	0x80022d7c	0x400	game.menu_map_viewer	100	exact-preserved
GAME.EXE	menu_magic_panel	0x8002317c	0x530	game.menu_panels	100	exact-preserved
GAME.EXE	menu_option_root	0x800236ac	0x22c	game.menu_panels	100	exact-preserved
GAME.EXE	menu_equip_select	0x800238d8	0x5c4	game.menu_select	100	exact-preserved
GAME.EXE	menu_spell_select	0x80023e9c	0x470	game.menu_select	100	exact-preserved
GAME.EXE	menu_status_panel	0x8002430c	0x69c	game.menu_runtime	100	exact-preserved
GAME.EXE	menu_drop_item	0x800249a8	0x4bc	game.menu_runtime	100	exact-preserved
GAME.EXE	menu_save_load_hub	0x80024e64	0x260	game.menu_runtime	100	exact-preserved
GAME.EXE	menu_save_panel	0x800250c4	0x468	game.menu_runtime	100	exact-preserved
GAME.EXE	menu_load_panel	0x8002552c	0x370	game.menu_runtime	100	exact-preserved
GAME.EXE	menu_config_panel	0x8002589c	0x504	game.menu_runtime	100	exact-preserved
GAME.EXE	menu_config_panel_draw	0x80025da0	0x198	game.menu_runtime	100	exact-preserved
GAME.EXE	menu_draw_stats_header	0x80025f38	0x5a0	game.menu_runtime	100	exact-preserved
GAME.EXE	menu_draw_status_details	0x800264d8	0xcb4	game.menu_runtime	100	exact-preserved
GAME.EXE	menu_draw_name_list	0x8002718c	0x838	game.menu_runtime	100	exact-preserved
GAME.EXE	menu_item_model_preview	0x800279c4	0x1b8	game.menu_runtime	100	exact-preserved
GAME.EXE	menu_draw_item_detail	0x80027b7c	0x2dc	game.menu_runtime	97.80875	partial-preserved
GAME.EXE	menu_add_marker_quad	0x80027e58	0x48	game.menu_runtime	100	exact-preserved
GAME.EXE	menu_add_frame_quad	0x80027ea0	0x44	game.menu_runtime	100	exact-preserved
GAME.EXE	menu_draw_dialog_frame	0x80027ee4	0x49c	game.menu_runtime	100	exact-preserved
GAME.EXE	menu_list_interact	0x80028380	0x354	game.menu_runtime	100	exact-preserved
GAME.EXE	menu_two_option_prompt	0x800286d4	0x240	game.menu_runtime	100	exact-preserved
GAME.EXE	menu_draw_window	0x80028914	0x15c	game.menu_runtime	100	exact-preserved
GAME.EXE	menu_list_render	0x80028a70	0x77c	game.menu_runtime	100	exact-preserved
GAME.EXE	menu_draw_two_option	0x800291ec	0x10c	game.menu_runtime	100	exact-preserved
GAME.EXE	menu_draw_item_name_frame	0x800292f8	0x7b8	game.menu_runtime	100	exact-preserved
GAME.EXE	menu_blit_sprite_translucent	0x80029ab0	0x1a0	game.menu_runtime	100	exact-preserved
GAME.EXE	menu_blit_sprite	0x80029c50	0x190	game.menu_runtime	100	exact-preserved
GAME.EXE	menu_draw_string	0x80029de0	0x530	game.menu_runtime	100	exact-preserved
GAME.EXE	menu_draw_number	0x8002a310	0x200	game.menu_runtime	100	exact-preserved
GAME.EXE	menu_draw_window_backdrop	0x8002a510	0x6a4	game.menu_runtime	100	exact-preserved
GAME.EXE	menu_frame_begin	0x8002abb4	0x80	game.menu_runtime	100	exact-preserved
GAME.EXE	menu_present_frame	0x8002ac34	0x98	game.menu_runtime	100	exact-preserved
GAME.EXE	primitive_buffer_begin_poly_ft4	0x8002accc	0x50	game.menu_runtime	100	exact-preserved
GAME.EXE	primitive_buffer_commit_poly_ft4	0x8002ad1c	0x50	game.menu_runtime	100	exact-preserved
GAME.EXE	menu_list_init	0x8002ad6c	0x8c	game.menu_runtime	100	exact-preserved
GAME.EXE	menu_format_number	0x8002adf8	0xac	game.menu_runtime	100	exact-preserved
GAME.EXE	menu_load_item_model	0x8002aea4	0x68	game.menu_runtime	100	exact-preserved
GAME.EXE	menu_release_item_model	0x8002af0c	0x3c	game.menu_runtime	100	exact-preserved
GAME.EXE	menu_load_item_texture	0x8002af48	0x130	game.menu_runtime	100	exact-preserved
GAME.EXE	save_system_read_catalog	0x8002b078	0xd8	game.save_system	100	exact-preserved
GAME.EXE	menu_play_input_sound	0x8002b150	0x84	game.save_system	100	exact-preserved
GAME.EXE	memory_card_initialize	0x8002b1d4	0x100	game.save_system	100	exact-preserved
GAME.EXE	memory_card_shutdown_events	0x8002b2d4	0x60	game.save_system	100	exact-preserved
GAME.EXE	memory_card_begin_status_check	0x8002b334	0x38	game.save_system	100	exact-preserved
GAME.EXE	memory_card_clear_events	0x8002b36c	0x58	game.save_system	100	exact-preserved
GAME.EXE	memory_card_wait_event	0x8002b3c4	0xbc	game.save_system	100	exact-preserved
GAME.EXE	memory_card_undeliver_events	0x8002b480	0x58	game.save_system	100	exact-preserved
GAME.EXE	memory_card_check_or_format	0x8002b4d8	0xf8	game.save_system	100	exact-preserved
GAME.EXE	memory_card_format	0x8002b5d0	0x78	game.save_system	100	exact-preserved
GAME.EXE	save_system_write_slot	0x8002b648	0xf4	game.save_system	100	exact-preserved
GAME.EXE	save_file_write_slot	0x8002b73c	0x4f4	game.save_system	100	exact-preserved
GAME.EXE	save_system_read_header	0x8002bc30	0xd8	game.save_system	100	exact-preserved
GAME.EXE	save_file_read_header	0x8002bd08	0xdc	game.save_system	100	exact-preserved
GAME.EXE	save_system_read_slot	0x8002bde4	0xcc	game.save_system	100	exact-preserved
GAME.EXE	save_file_read_slot	0x8002beb0	0x3cc	game.save_system	100	exact-preserved
GAME.EXE	save_workspace_allocate	0x8002c27c	0x68	game.save_system	100	exact-preserved
GAME.EXE	save_workspace_release	0x8002c2e4	0x20	game.save_system	100	exact-preserved
GAME.EXE	save_file_initialize_buffers	0x8002c304	0x20c	game.save_system	100	exact-preserved
GAME.EXE	memory_card_show_status_message	0x8002c510	0xd0	game.save_system	100	exact-preserved
GAME.EXE	menu_load_message_image	0x8002c5e0	0x12c	game.save_system	100	exact-preserved
GAME.EXE	save_file_cleanup_temporary	0x8002c70c	0x88	game.save_system	100	exact-preserved
GAME.EXE	screen_show_image_until_input	0x8002c794	0x240	game.save_system	100	exact-preserved
GAME.EXE	talk_show_dialogue_page	0x8002c9d4	0xa4	game.save_system	100	exact-preserved
GAME.EXE	actor_pool_find_free	0x8002ca78	0x3c	game.actor	100	exact-preserved
GAME.EXE	func_8002cab4	0x8002cab4	0x20	game.actor	100	exact-preserved
GAME.EXE	actor_set_player_transform	0x8002cad4	0x70	game.actor	100	exact-preserved
GAME.EXE	actor_update_cell_from_position	0x8002cb44	0x74	game.actor	100	exact-preserved
GAME.EXE	actor_set_position	0x8002cbb8	0x9c	game.actor	100	exact-preserved
GAME.EXE	actor_set_rotation	0x8002cc54	0x10	game.actor	100	exact-preserved
GAME.EXE	actor_initialize	0x8002cc64	0xc4	game.actor	100	exact-preserved
GAME.EXE	actor_initialize_current	0x8002cd28	0xa4	game.actor	100	exact-preserved
GAME.EXE	actor_initialize_slot	0x8002cdcc	0xbc	game.actor	100	exact-preserved
GAME.EXE	actor_pool_clear	0x8002ce88	0x40	game.actor	100	exact-preserved
GAME.EXE	actor_set_action	0x8002cec8	0xc	game.actor	100	exact-preserved
GAME.EXE	actor_pool_spawn	0x8002ced4	0xb0	game.actor	100	exact-preserved
GAME.EXE	actor_pool_begin_death_by_definition	0x8002cf84	0xf4	game.actor	100	exact-preserved
GAME.EXE	combat_calculate_damage_component	0x8002d078	0xa8	game.actor	100	exact-preserved
GAME.EXE	actor_apply_damage	0x8002d120	0x388	game.actor	100	exact-preserved
GAME.EXE	actor_pool_apply_radial_damage	0x8002d4a8	0x1f8	game.actor	100	exact-preserved
GAME.EXE	actor_try_attack_player	0x8002d6a0	0x158	game.actor	100	exact-preserved
GAME.EXE	actor_pool_find_target_in_cone	0x8002d7f8	0x184	game.actor	100	exact-preserved
GAME.EXE	actor_distance_to_point	0x8002d97c	0xf0	game.actor	100	exact-preserved
GAME.EXE	actor_pool_find_overlap	0x8002da6c	0x144	game.actor	100	exact-preserved
GAME.EXE	actor_bind_current	0x8002dbb0	0x8c	game.actor	100	exact-preserved
GAME.EXE	actor_advance_animation_wrapped	0x8002dc3c	0x34	game.actor	100	exact-preserved
GAME.EXE	actor_advance_animation_clamped	0x8002dc70	0x5c	game.actor	100	exact-preserved
GAME.EXE	actor_animation_crossed_phase	0x8002dccc	0x30	game.actor	100	exact-preserved
GAME.EXE	actor_play_sound_at_phase	0x8002dcfc	0x98	game.actor	100	exact-preserved
GAME.EXE	actor_try_select_action_distance_facing	0x8002dd94	0x120	game.actor	100	exact-preserved
GAME.EXE	actor_try_select_ground_action	0x8002deb4	0x164	game.actor	100	exact-preserved
GAME.EXE	actor_try_select_facing_action	0x8002e018	0xd8	game.actor	100	exact-preserved
GAME.EXE	actor_try_select_profiled_action	0x8002e0f0	0x1f8	game.actor	100	exact-preserved
GAME.EXE	actor_select_next_action	0x8002e2e8	0x3c0	game.actor_behavior	100	exact-preserved
GAME.EXE	actor_update_awareness	0x8002e6a8	0x2ac	game.actor_behavior	100	exact-preserved
GAME.EXE	actor_move_xz_with_collision	0x8002e954	0x3ac	game.actor_behavior	100	exact-preserved
GAME.EXE	actor_move_along_heading	0x8002ed00	0xd4	game.actor_behavior	100	exact-preserved
GAME.EXE	actor_spawn_action_effect	0x8002edd4	0x454	game.actor_behavior	100	exact-preserved
GAME.EXE	actor_prepare_charge_toward_player	0x8002f228	0xf4	game.actor_behavior	100	exact-preserved
GAME.EXE	actor_apply_horizontal_movement	0x8002f31c	0x14c	game.actor_behavior	100	exact-preserved
GAME.EXE	actor_update_effect_action	0x8002f468	0xf0	game.actor_behavior	100	exact-preserved
GAME.EXE	actor_apply_random_movement	0x8002f558	0x374	game.actor_behavior	100	exact-preserved
GAME.EXE	actor_update_boss_death_sequence	0x8002f8cc	0x1bc	game.actor_behavior	100	exact-preserved
GAME.EXE	actor_update_current_action	0x8002fa88	0xd90	game.actor_behavior	100	exact-preserved
GAME.EXE	actor_pool_update	0x80030818	0xa8	game.actor_pool	100	exact-preserved
GAME.EXE	actor_pool_load_placements	0x800308c0	0x1ac	game.actor_pool	100	exact-preserved
GAME.EXE	actor_definitions_load	0x80030a6c	0x2c	game.actor_pool	100	exact-preserved
GAME.EXE	map_apply_copy_region	0x80030a98	0x1e4	game.map_object_pool	100	exact-preserved
GAME.EXE	map_object_mark_collision_edge	0x80030c7c	0x23c	game.map_object_pool	100	exact-preserved
GAME.EXE	map_object_probe_forward	0x80030eb8	0xc4	game.map_object_pool	100	exact-preserved
GAME.EXE	map_object_pool_clear	0x80030f7c	0x60	game.map_object_pool	100	exact-preserved
GAME.EXE	map_object_definitions_load	0x80030fdc	0x2c	game.map_object_pool	100	exact-preserved
GAME.EXE	map_object_pool_load	0x80031008	0x448	game.map_object_pool	100	exact-preserved
GAME.EXE	map_object_distance_to_point	0x80031450	0xa8	game.map_object_pool	100	exact-preserved
GAME.EXE	map_object_pool_find_near_point	0x800314f8	0xcc	game.map_object_pool	100	exact-preserved
GAME.EXE	map_object_pool_find_interaction_from	0x800315c4	0x1c0	game.map_object	100	exact-preserved
GAME.EXE	map_object_start_action_if_idle	0x80031784	0x20	game.map_object	100	exact-preserved
GAME.EXE	map_object_effect_pool_acquire	0x800317a4	0x90	game.map_object	100	exact-preserved
GAME.EXE	map_object_spawn_effect	0x80031834	0x194	game.map_object	97.128716	partial-preserved
GAME.EXE	map_object_spawn_actor_debris	0x800319c8	0x18c	game.map_object	100	exact-preserved
GAME.EXE	map_object_pool_trigger_link	0x80031b54	0xf0	game.map_object	100	exact-preserved
GAME.EXE	map_object_pool_clear_link	0x80031c44	0x84	game.map_object	100	exact-preserved
GAME.EXE	map_object_pool_update	0x80031cc8	0xc18	game.map_object	100	exact-preserved
GAME.EXE	audio_initialize	0x800328e0	0xa4	game.audio	100	exact-preserved
GAME.EXE	audio_load_vab	0x80032984	0xc8	game.audio	100	exact-preserved
GAME.EXE	audio_play_map_sequence	0x80032a4c	0x110	game.audio	100	exact-preserved
GAME.EXE	audio_stop_sequence_fade	0x80032b5c	0x80	game.audio	100	exact-preserved
GAME.EXE	audio_stop_sequence_master_fade	0x80032bdc	0x9c	game.audio	100	exact-preserved
GAME.EXE	audio_shutdown	0x80032c78	0x38	game.audio	100	exact-preserved
GAME.EXE	audio_close_vab	0x80032cb0	0x40	game.audio	100	exact-preserved
GAME.EXE	audio_play_spatial	0x80032cf0	0x2c8	game.audio	100	exact-preserved
GAME.EXE	audio_play_spatial_default_range	0x80032fb8	0x30	game.audio	100	exact-preserved
GAME.EXE	audio_play_spatial_range	0x80032fe8	0x2c	game.audio	100	exact-preserved
GAME.EXE	sound_ref_key_off_bank0	0x80033014	0x28	game.audio	100	exact-preserved
GAME.EXE	audio_set_listener_transform	0x8003303c	0x70	game.audio	100	exact-preserved
GAME.EXE	sound_ref_play	0x800330ac	0x48	game.audio	100	exact-preserved
GAME.EXE	audio_play_voice	0x800330f4	0x1a8	game.audio	100	exact-preserved
GAME.EXE	angle_shortest_delta	0x8003329c	0x48	game.audio	100	exact-preserved
GAME.EXE	camera_path_compute_segment	0x800332e4	0x2dc	game.camera_path	100	exact-preserved
GAME.EXE	camera_path_begin	0x800335c0	0xc0	game.camera_path	100	exact-preserved
GAME.EXE	camera_path_step	0x80033680	0x11c	game.camera_path	100	exact-preserved
GAME.EXE	map_event_set_current	0x8003379c	0x10	game.map_event	100	exact-preserved
GAME.EXE	map_event_refresh_dialogue_stage	0x800337ac	0x74	game.map_event	100	exact-preserved
GAME.EXE	map_event_advance_animation_blocking	0x80033820	0x98	game.map_event	100	exact-preserved
GAME.EXE	map_event_pool_load	0x800338b8	0x22c	game.map_event	100	exact-preserved
GAME.EXE	map_event_distance_to_point	0x80033ae4	0xa8	game.map_event	100	exact-preserved
GAME.EXE	map_event_pool_find_target_in_cone	0x80033b8c	0x144	game.map_event	100	exact-preserved
GAME.EXE	map_event_pool_find_overlap	0x80033cd0	0xb0	game.map_event	100	exact-preserved
GAME.EXE	lighting_transition_color_matrix	0x80033d80	0x68	game.lighting	100	exact-preserved
GAME.EXE	color_matrix_set_rgb	0x80033de8	0x28	game.lighting	100	exact-preserved
GAME.EXE	player_restore_vitals_with_color_cycle	0x80033e10	0xd4	game.lighting	100	exact-preserved
GAME.EXE	actor_pool_find_at_tile	0x80033ee4	0x80	game.map_scripts	100	exact-preserved
GAME.EXE	map_ambient_script_floor1	0x80033f64	0x288	game.map_scripts	100	exact-preserved
GAME.EXE	map_ambient_script_floor2	0x800341ec	0x70	game.map_scripts	100	exact-preserved
GAME.EXE	map_ambient_script_floor3	0x8003425c	0x88	game.map_scripts	100	exact-preserved
GAME.EXE	map_ambient_script_floor4	0x800342e4	0x8	game.map_scripts	100	exact-preserved
GAME.EXE	map_ambient_script_floor5	0x800342ec	0xf4	game.map_scripts	100	exact-preserved
GAME.EXE	map_action_script_floor1	0x800343e0	0x58	game.map_scripts	100	exact-preserved
GAME.EXE	map_reveal_fade	0x80034438	0x184	game.map_scripts	100	exact-preserved
GAME.EXE	map_action_script_floor2	0x800345bc	0x54	game.map_scripts	100	exact-preserved
GAME.EXE	map_action_script_floor3	0x80034610	0x90	game.map_scripts	100	exact-preserved
GAME.EXE	map_action_script_floor4	0x800346a0	0x8	game.map_scripts	100	exact-preserved
GAME.EXE	map_floor5_transition_cutscene	0x800346a8	0x38c	game.map_scripts	100	exact-preserved
GAME.EXE	map_action_script_floor5	0x80034a34	0x4c	game.map_scripts	100	exact-preserved
GAME.EXE	map_event_interact	0x80034a80	0x2d4	game.map_scripts	100	exact-preserved
GAME.EXE	map_show_screen_image	0x80034d54	0x90	game.map_scripts	100	exact-preserved
GAME.EXE	map_interaction_dispatch	0x80034de4	0x904	game.map_scripts	100	exact-preserved
GAME.EXE	map_event_timers_reset	0x800356e8	0x20	game.map_events	100	exact-preserved
GAME.EXE	map_event_update_wander	0x80035708	0x1d8	game.map_events	100	exact-preserved
GAME.EXE	map_event_update_animation_loop	0x800358e0	0x8c	game.map_events	100	exact-preserved
GAME.EXE	map_event_pool_update	0x8003596c	0x1f0	game.map_events	100	exact-preserved
GAME.EXE	map_world_state_persist	0x80035b5c	0x2b8	game.map_events	97.52873	partial-preserved
GAME.EXE	map_unload_floor	0x80035e14	0x30	game.map_events	100	exact-preserved
GAME.EXE	map_restore_floor_state	0x80035e44	0x69c	game.map_load	100	exact-preserved
GAME.EXE	map_refresh_dialogue_stages	0x800364e0	0x74	game.map_load	100	exact-preserved
GAME.EXE	map_load_floor	0x80036554	0xa4	game.map_load	100	exact-preserved
GAME.EXE	map_load_floor_wrapper	0x800365f8	0x20	game.map_load	100	exact-preserved
GAME.EXE	player_warp_shimmer	0x80036618	0x238	game.player_warp	100	exact-preserved
GAME.EXE	player_warp_change_floor	0x80036850	0x15c	game.player_warp	100	exact-preserved
GAME.EXE	player_warp_same_floor	0x800369ac	0x144	game.player_warp	100	exact-preserved
GAME.EXE	player_warp_trigger_update	0x80036af0	0x24c	game.player_warp	100	exact-preserved
GAME.EXE	actor_transform_definition5_to6	0x80036d3c	0xf4	game.player_warp	100	exact-preserved
GAME.EXE	func_80036e30	0x80036e30	0x8	game.menu_enter_mode	100	exact-preserved
GAME.EXE	menu_enter_mode	0x80036e38	0xc8	game.menu_enter_mode	100	exact-preserved
GAME.EXE	effect_pool_find_free	0x80036f00	0x44	game.effect_pool	100	exact-preserved
GAME.EXE	effect_pool_construct	0x80036f44	0x82c	game.effect_pool	100	exact-preserved
GAME.EXE	effect_pool_spawn_typed	0x80037770	0xac	game.effect_pool	100	exact-preserved
GAME.EXE	effect_pool_set_current	0x8003781c	0x34	game.effect_pool	100	exact-preserved
GAME.EXE	effect_map_collision	0x80037850	0x76c	game.effect_map_collision	99.87369	partial-preserved
GAME.EXE	effect_magic_power	0x80037fbc	0x24	game.effect_update	100	exact-preserved
GAME.EXE	effect_projectile_update_3d	0x80037fe0	0x2b8	game.effect_update	100	exact-preserved
GAME.EXE	effect_projectile_update_2d	0x80038298	0x260	game.effect_update	99.93421	partial-preserved
GAME.EXE	effect_floor_deform_line	0x800384f8	0x1cc	game.effect_update	100	exact-preserved
GAME.EXE	effect_scatter_triple	0x800386c4	0x68	game.effect_update	100	exact-preserved
GAME.EXE	effect_rotate_scale_offset_y	0x8003872c	0x90	game.effect_update	100	exact-preserved
GAME.EXE	effect_spawn_ground_trail	0x800387bc	0xf8	game.effect_update	100	exact-preserved
GAME.EXE	effect_spawn_ground_branch	0x800388b4	0x184	game.effect_update	100	exact-preserved
GAME.EXE	effect_update_dispatch	0x80038a38	0x180c	game.effect_dispatch	99.82781	partial-preserved
GAME.EXE	effect_pool_reset	0x8003a244	0x30	game.magic	100	exact-preserved
GAME.EXE	magic_load_records	0x8003a274	0x2c	game.magic	100	exact-preserved
GAME.EXE	magic_cast	0x8003a2a0	0x4c0	game.magic	100	exact-preserved
GAME.EXE	effect_pool_sweep	0x8003a760	0x7c	game.magic	100	exact-preserved
GAME.EXE	debug_stop	0x8003a7dc	0x40	game.debug_text	100	exact-preserved
GAME.EXE	format_int_dec	0x8003a81c	0xe0	game.debug_text	100	exact-preserved
GAME.EXE	format_int_hex	0x8003a8fc	0x8c	game.debug_text	100	exact-preserved
GAME.EXE	format_pad_left	0x8003a988	0x6c	game.debug_text	100	exact-preserved
GAME.EXE	format_vsprintf	0x8003a9f4	0x240	game.debug_text	100	exact-preserved
GAME.EXE	debug_printf_sink	0x8003ac34	0x18	game.debug_text	100	exact-preserved
GAME.EXE	func_8003ac4c	0x8003ac4c	0x8	game.debug_text	100	exact-preserved
GAME.EXE	critical_section_set	0x8005005c	0x5c	game.intr_tail	100	exact-preserved
GAME.EXE	PadInit	0x800500b8	0x74	game.pad	100	exact-preserved
GAME.EXE	PadRead	0x8005012c	0x44	game.pad	100	exact-preserved
GAME.EXE	PadStop	0x80050170	0x3c	game.pad	100	exact-preserved
GAME.EXE	pad_init_bad_identifier	0x800501ac	0x30	game.pad	100	exact-preserved
GAME.EXE	pad_read_bad_identifier	0x800501dc	0x30	game.pad	100	exact-preserved
GAME.EXE	pad_stop_bad_identifier	0x8005020c	0x30	game.pad	100	exact-preserved
OPEN.EXE	repeat_store_word	0x80013734	0x24	open.main	100	exact-preserved
OPEN.EXE	main	0x80013758	0x6c	open.main	72.96296	partial-preserved
OPEN.EXE	opening_render_frame	0x800137c4	0x40	open.opening_render	100	exact-preserved
OPEN.EXE	sprite_add_g4	0x80013804	0x198	open.opening_render	100	exact-preserved
OPEN.EXE	sprite_add_ft4	0x8001399c	0x1c0	open.sprite_add_ft4	100	exact-preserved
OPEN.EXE	sprite_add_f4	0x80013b5c	0x114	open.sprite_add_ft4	100	exact-preserved
OPEN.EXE	opening_poll_input	0x80013c70	0x3c	open.opening_helpers	100	exact-preserved
OPEN.EXE	angle_shortest_delta	0x80013cac	0x48	open.opening_helpers	100	exact-preserved
OPEN.EXE	opening_camera_path_compute_segment	0x80013cf4	0x310	open.camera_path	100	exact-preserved
OPEN.EXE	opening_camera_path_begin	0x80014004	0xfc	open.camera_path	100	exact-preserved
OPEN.EXE	opening_camera_path_step	0x80014100	0x168	open.camera_path	100	exact-preserved
OPEN.EXE	opening_scene0_run	0x80014268	0x174	open.opening_scenes	100	exact-preserved
OPEN.EXE	opening_scene1_draw_fade	0x800143dc	0x180	open.opening_scenes	100	exact-preserved
OPEN.EXE	opening_scene1_run	0x8001455c	0xac	open.opening_scenes	100	exact-preserved
OPEN.EXE	opening_entity_transition	0x80014608	0x1fc	open.opening_scenes	100	exact-preserved
OPEN.EXE	opening_scene3_run	0x80014804	0x330	open.opening_scenes	100	exact-preserved
OPEN.EXE	opening_ending_scene_run	0x80014b34	0x2f4	open.opening_scenes	100	exact-preserved
OPEN.EXE	opening_ending_scroll_run	0x80014e28	0x798	open.opening_scenes	99.917694	partial-preserved
OPEN.EXE	opening_fade_in	0x800155c0	0xfc	open.opening_fade	100	exact-preserved
OPEN.EXE	opening_run	0x800156bc	0x214	open.opening_controller	100	exact-preserved
OPEN.EXE	matrix_set_rotation_x	0x800158d0	0x70	open.matrix_rotation	100	exact-preserved
OPEN.EXE	matrix_set_rotation_y	0x80015940	0x70	open.matrix_rotation	100	exact-preserved
OPEN.EXE	matrix_set_rotation_z	0x800159b0	0x70	open.matrix_rotation	100	exact-preserved
OPEN.EXE	matrix_set_rotation_yxz	0x80015a20	0x68	open.matrix_rotation	100	exact-preserved
OPEN.EXE	debug_dump_matrix	0x80015a88	0x84	open.matrix_rotation	100	exact-preserved
OPEN.EXE	pitch_yaw_to_forward_vector	0x80015b0c	0xd4	open.matrix_rotation	100	exact-preserved
OPEN.EXE	vector3s_scale_shift12	0x80015be0	0x5c	open.vector_math	100	exact-preserved
OPEN.EXE	vector3s_scale_shift12_alt	0x80015c3c	0x5c	open.vector_math	100	exact-preserved
OPEN.EXE	angle_within_tolerance	0x80015c98	0x3c	open.vector_math	100	exact-preserved
OPEN.EXE	angle_mod_delta_le_half_turn	0x80015cd4	0x10	open.angle_mod_delta	100	exact-preserved
OPEN.EXE	vector_xz_to_angle	0x80015ce4	0xb0	open.vector_xz_to_angle	100	exact-preserved
OPEN.EXE	fixed_vector2_length	0x80015d94	0x40	open.fixed_vector2_length	100	exact-preserved
OPEN.EXE	memory_malloc_checked	0x80015dd4	0x38	open.memory	100	exact-preserved
OPEN.EXE	memory_allocation_reset	0x80015e0c	0x20	open.memory	100	exact-preserved
OPEN.EXE	memory_set_allocation_mode	0x80015e2c	0xa8	open.memory	100	exact-preserved
OPEN.EXE	memory_capture_system_heap_start	0x80015ed4	0x20	open.memory	100	exact-preserved
OPEN.EXE	memory_reset_system_heap	0x80015ef4	0x3c	open.memory	100	exact-preserved
OPEN.EXE	memory_allocate	0x80015f30	0x80	open.memory	100	exact-preserved
OPEN.EXE	memory_release_last	0x80015fb0	0x64	open.memory	100	exact-preserved
OPEN.EXE	cd_file_load_allocated	0x80016014	0x148	open.resources	100	exact-preserved
OPEN.EXE	cd_file_load_into	0x8001615c	0x13c	open.resources	100	exact-preserved
OPEN.EXE	tim_upload_images	0x80016298	0x80	open.resources	100	exact-preserved
OPEN.EXE	resource_stream_copy_words	0x80016318	0x30	open.resources	100	exact-preserved
OPEN.EXE	opening_resources_load_scene0	0x80016348	0x1c8	open.resources	100	exact-preserved
OPEN.EXE	opening_resources_load_scene1	0x80016510	0xb4	open.resources	100	exact-preserved
OPEN.EXE	opening_resources_load_scene3	0x800165c4	0xf0	open.resources	100	exact-preserved
OPEN.EXE	opening_resources_load_ending	0x800166b4	0x134	open.resources	100	exact-preserved
OPEN.EXE	opening_resources_load_ending_entities	0x800167e8	0x58	open.resources	100	exact-preserved
OPEN.EXE	opening_resources_load_ending_sequence	0x80016840	0x9c	open.resources	100	exact-preserved
OPEN.EXE	lighting_set_active_color_matrix	0x800168dc	0x2c	open.render_init	100	exact-preserved
OPEN.EXE	render_initialize	0x80016908	0x1d4	open.render_init	100	exact-preserved
OPEN.EXE	display_initialize	0x80016adc	0x1d8	open.render_init	100	exact-preserved
OPEN.EXE	primitive_buffer_allocate	0x80016cb4	0x84	open.render_init	100	exact-preserved
OPEN.EXE	display_begin_frame	0x80016d38	0x98	open.render	100	exact-preserved
OPEN.EXE	display_present_frame	0x80016dd0	0x98	open.render	100	exact-preserved
OPEN.EXE	tmd_select	0x80016e68	0x2c	open.render	100	exact-preserved
OPEN.EXE	tmd_get_object	0x80016e94	0x24	open.render	100	exact-preserved
OPEN.EXE	tmd_set_current_vertices	0x80016eb8	0x10	open.render	100	exact-preserved
OPEN.EXE	tmd_select_object_vertices	0x80016ec8	0x3c	open.render	100	exact-preserved
OPEN.EXE	render_set_view_transform	0x80016f04	0x12c	open.render	100	exact-preserved
OPEN.EXE	tmd_prepare_primitive_indices	0x80017030	0x300	open.render	100	exact-preserved
OPEN.EXE	tmd_register	0x80017330	0x3c	open.render	100	exact-preserved
OPEN.EXE	tmd_release_last_allocation	0x8001736c	0x20	open.render	100	exact-preserved
OPEN.EXE	tmd_project_vertices	0x8001738c	0xcc	open.render	100	exact-preserved
OPEN.EXE	tmd_project_vertices_perspective_right	0x80017458	0xa4	open.render	100	exact-preserved
OPEN.EXE	tmd_project_vertices_shift	0x800174fc	0xac	open.render	100	exact-preserved
OPEN.EXE	tmd_transform_vertices	0x800175a8	0xa4	open.render	100	exact-preserved
OPEN.EXE	render_enqueue_tmd	0x8001764c	0xcf8	open.render_tmd	100	exact-preserved
OPEN.EXE	render_enqueue_unlit_triangles	0x80018344	0x2a4	open.render_unlit	100	exact-preserved
OPEN.EXE	render_enqueue_map	0x800185e8	0x3b8	open.render_map	100	exact-preserved
OPEN.EXE	render_enqueue_sprite	0x800189a0	0x21c	open.render_sprite	100	exact-preserved
OPEN.EXE	render_map_cell	0x80018bbc	0x1d0	open.render_map_cells	100	exact-preserved
OPEN.EXE	opening_render_map_cells	0x80018d8c	0x140	open.render_map_cells	100	exact-preserved
OPEN.EXE	opening_entity_render	0x80018ecc	0x228	open.entity_render	100	exact-preserved
OPEN.EXE	render_floor_item	0x800190f4	0x14c	open.entity_render	100	exact-preserved
OPEN.EXE	opening_render_entities_and_items	0x80019240	0x298	open.entity_render	100	exact-preserved
OPEN.EXE	opening_scene0_render_frame	0x800194d8	0x48	open.opening_scene0_render	100	exact-preserved
OPEN.EXE	opening_render_entities	0x80019520	0x78	open.opening_render_entities	100	exact-preserved
OPEN.EXE	matrix_interpolate	0x80019598	0x68	open.matrix_lerp	100	exact-preserved
OPEN.EXE	lighting_set_color_matrix	0x80019600	0x2c	open.matrix_lerp	100	exact-preserved
OPEN.EXE	lighting_set_light_matrix	0x8001962c	0x2c	open.matrix_lerp	100	exact-preserved
OPEN.EXE	fog_interpolate_near	0x80019658	0x44	open.matrix	100	exact-preserved
OPEN.EXE	fog_set_near	0x8001969c	0x28	open.matrix	100	exact-preserved
OPEN.EXE	color_lerp_cvector	0x800196c4	0x88	open.matrix	100	exact-preserved
OPEN.EXE	color_lerp_rgb555	0x8001974c	0x98	open.matrix	100	exact-preserved
OPEN.EXE	item_load_floor_placements	0x800197e4	0x1b0	open.item	100	exact-preserved
OPEN.EXE	opening_entity_pool_reset	0x80019994	0x4c	open.opening_entity_pool	100	exact-preserved
OPEN.EXE	opening_entity_find_by_object_id	0x800199e0	0x44	open.opening_entity_pool	100	exact-preserved
OPEN.EXE	opening_entity_pool_load_placements	0x80019a24	0x180	open.opening_entity_pool	100	exact-preserved
OPEN.EXE	audio_initialize	0x80019ba4	0xb8	open.audio	100	exact-preserved
OPEN.EXE	audio_load_vab	0x80019c5c	0xf4	open.audio	100	exact-preserved
OPEN.EXE	audio_play_sequence_file	0x80019d50	0xd4	open.audio	100	exact-preserved
OPEN.EXE	audio_stop_sequence	0x80019e24	0x9c	open.audio	100	exact-preserved
OPEN.EXE	audio_shutdown	0x80019ec0	0x38	open.audio	100	exact-preserved
OPEN.EXE	audio_close_vab	0x80019ef8	0x4c	open.audio	100	exact-preserved
OPEN.EXE	audio_play_spatial	0x80019f44	0x1e8	open.audio_spatial	100	exact-preserved
OPEN.EXE	audio_play_spatial_default_range	0x8001a12c	0x30	open.audio_spatial	100	exact-preserved
OPEN.EXE	audio_play_spatial_range	0x8001a15c	0x2c	open.audio_spatial	100	exact-preserved
OPEN.EXE	sound_ref_key_off_bank0	0x8001a188	0x28	open.audio_spatial	100	exact-preserved
OPEN.EXE	audio_set_listener_transform	0x8001a1b0	0x70	open.audio_spatial	100	exact-preserved
OPEN.EXE	sound_ref_play	0x8001a220	0x48	open.sound_ref	100	exact-preserved
OPEN.EXE	audio_play_voice	0x8001a268	0x194	open.audio_play_voice	100	exact-preserved
OPEN.EXE	format_int_dec	0x8001a3fc	0xe0	open.format	100	exact-preserved
OPEN.EXE	format_int_hex	0x8001a4dc	0x8c	open.format	100	exact-preserved
OPEN.EXE	format_pad_left	0x8001a568	0x6c	open.format	100	exact-preserved
OPEN.EXE	format_vsprintf	0x8001a5d4	0x240	open.format	100	exact-preserved
OPEN.EXE	debug_printf_sink	0x8001a814	0x18	open.debug	100	exact-preserved
OPEN.EXE	display_adjust_vram_view	0x8001a82c	0x248	open.display_adjust	100	exact-preserved
OPEN.EXE	PadInit	0x8002fe8c	0x74	open.pad	100	exact-preserved
OPEN.EXE	PadRead	0x8002ff00	0x44	open.pad	100	exact-preserved
OPEN.EXE	PadStop	0x8002ff44	0x3c	open.pad	100	exact-preserved
OPEN.EXE	pad_init_bad_identifier	0x8002ff80	0x30	open.pad	100	exact-preserved
OPEN.EXE	pad_read_bad_identifier	0x8002ffb0	0x30	open.pad	100	exact-preserved
OPEN.EXE	pad_stop_bad_identifier	0x8002ffe0	0x30	open.pad	100	exact-preserved
