# Reviewed semantic identities for GAME player-vitals adjustment, state initialization, and the two-phase death transition.
# Every row was checked with kf sema addr/disasm --blocks/xref/xref --callees/strings, Ghidra candidates,
# callers and adjacent boundaries, source/history/match state, and FID/vendor controls. The visual helpers are a
# call-graph dependency expansion of the 0x80015164..0x800156bc pilot band, not a translation-unit ownership claim.
image	va	extent	family	current_match	body_and_cfg	call_and_data_evidence	signature_evidence	vendor_negative_control	final_name	final_signature	verdict
GAME.EXE	0x80015164	0x68	player-death	no reconstruction unit	straight-line entry sets player state 0xff, clears both death accumulators, plays one packed SoundRef, snapshots the color matrix, and copies fog_near_distance	called by the HP clamp, the zero-HP player-update path, and fatal map-hazard handling; writes player_death_saved_color_matrix and player_death_saved_fog_near; no strings	no argument register is consumed and no return value escapes	absent from vendored/FID inventories; it coordinates game player, sound, fog, and GTE state	player_death_begin	void player_death_begin(void)	supported; entry effect and state transition are direct, while the original source symbol and TU remain unknown
GAME.EXE	0x800151cc	0x2e4	game-state	no reconstruction unit	large initializer with scalar stores plus 0x2134-byte and 0xf0-byte clearing loops; seeds map progress, player vitals, settings, inventory-like state, and several subsystem selectors	called by the gameplay startup path and the full-reset branch of player_death_restart; copies four default HP/MP halfwords into player_vitals and calls three adjacent state helpers; no strings	no argument register is consumed and no return value escapes	absent from vendored/FID inventories; broad game-specific state layout excludes a runtime-library initializer	game_state_initialize	void game_state_initialize(void)	supported broad initialization identity; individual unresolved arrays and selectors are not named by this pass
GAME.EXE	0x800154b0	0x19c	player-death	no reconstruction unit	continuation and full-reset branches converge on map/subsystem cleanup, camera reset, accumulator reset, and state 0xfe	sole caller is player_death_update at Q12 fade completion; continuation restores current HP/MP from maxima, while the other branch invokes game_state_initialize; no strings	no live argument or result; all inputs are shared player, map, and continuation state	absent from vendored/FID inventories; it is game restart policy rather than SDK startup glue	player_death_restart	void player_death_restart(void)	supported death-restart effect; the decrementing special-continuation byte remains deliberately unnamed
GAME.EXE	0x8001564c	0x70	player-vitals	no reconstruction unit	signed addition followed by zero and maximum clamps; the zero path invokes player_death_begin	twelve calls in the main player update apply positive and negative deltas; all accesses resolve to player_vitals maximum_hp/current_hp; no strings	a0 participates in signed 32-bit arithmetic before the halfword store, proving s32 delta; no result escapes	absent from vendored/FID inventories; game-owned player layout and death callback exclude libc	player_adjust_hp	void player_adjust_hp(s32 delta)	supported identity with proven signed parameter width and void return
GAME.EXE	0x800156bc	0x58	player-vitals	no reconstruction unit	signed addition followed by zero and maximum clamps with no death callback	main player update calls it with positive regeneration; all accesses resolve to player_vitals maximum_mp/current_mp; no strings	a0 participates in signed 32-bit arithmetic before the halfword store, proving s32 delta; no result escapes	absent from vendored/FID inventories; game-owned player layout excludes libc	player_adjust_mp	void player_adjust_mp(s32 delta)	supported identity with proven signed parameter width and void return
GAME.EXE	0x800184b0	0x90	player-death-visual	no reconstruction unit	straight-line Q12 color-matrix, light-matrix, fog-near, and scene-intensity interpolation	called only by both death transition phases; invokes lighting_set_color_matrix, matrix_interpolate, and fog_interpolate_near; reads player_death_saved_fog_near; no strings	a0 is passed as the read-only source MATRIX and a1 is used as the signed Q12 blend by all three interpolators	absent from vendored/FID inventories; it is a game wrapper around separately identified SDK-backed matrix operations	player_death_apply_visual_fade	void player_death_apply_visual_fade(const MATRIX * color_from, s32 blend)	supported shared visual helper; fixed matrices and output render state remain address-named
GAME.EXE	0x80018540	0x184	player-death	no reconstruction unit	camera-fall and pitch-step branches converge on collision refresh, a 100-unit Q12 fade advance, rendering, and restart at 0x1000	dispatched only when the player update state is 0xff; reads/writes player_death_camera_pitch_step and player_death_visual_blend, consumes player_death_saved_color_matrix, and calls player_death_restart; no strings	no argument register is consumed and no return value escapes	absent from vendored/FID inventories; game camera, collision, and restart policy exclude vendored ownership	player_death_update	void player_death_update(void)	supported state-0xff update identity; the neighboring general camera-bob halfword is not claimed as death-owned
GAME.EXE	0x800186c4	0xe0	player-death	no reconstruction unit	advances the same Q12 blend while directly restoring color/light/fog/intensity, applies the complementary shared fade, then changes player state to zero at 0x1000	dispatched only when the player update state is 0xfe; reads player_death_saved_fog_near and player_death_visual_blend and calls player_death_apply_visual_fade; no strings	no argument register is consumed and no return value escapes	absent from vendored/FID inventories; it combines game-owned state dispatch with matrix/fog wrappers	player_death_update_reverse_fade	void player_death_update_reverse_fade(void)	supported state-0xfe reverse-transition identity; broader player state enum labels remain unresolved
