# Reviewed semantic identities for the GAME player motion, floor-following, and weapon-attack family.
# Every row was checked with kf sema addr/disasm --blocks/xref/strings, Ghidra candidates, decoded callers/callees,
# adjacent boundaries, source/history/match state, and FID/vendor controls. The campaign follows calls and shared
# state; adjacency is not a translation-unit ownership claim, and names are reconstruction identities.
image	va	extent	family	current_match	body_and_cfg	call_and_data_evidence	signature_evidence	vendor_negative_control	final_name	final_signature	verdict
GAME.EXE	0x80016b24	0x9c	player-weapon-attack	no reconstruction unit	7 CFG blocks require an equipped weapon and idle phase, start phase zero, play the packed attack sound, copy live POWER to the committed snapshot, set the full-charge flag only at 5000, and clear live POWER	called from the main player-input update on the 0x10 input edge; reads player_equipped_weapon_id and player_attack_charge_state and writes player_weapon_attack_phase and player_weapon_attack_fully_charged; calls sound_ref_play; no strings	no argument registers are live at entry and no result escapes	absent from vendored/FID inventories; the routine combines game-owned input, weapon, charge, and packed-sound policy	player_begin_weapon_attack	void player_begin_weapon_attack(void)	supported behavior and owner; original source name and TU remain unresolved
GAME.EXE	0x80016bc0	0x264	player-weapon-attack	no reconstruction unit	17 CFG blocks charge POWER through fixed6_ratio_step while idle, advance the active phase by 300, select the special weapon-3 hit threshold, rotate a local hit-test point, query an overlapping actor, apply five-component damage, and return the phase to -1 after 0x1000	the main player update is the sole confirmed caller; reads KfWeaponRecord charge_rate, attack_z_offset, player physical power, camera transform, five player attack components, committed POWER, and charge delay; calls RotMatrix, ApplyMatrix, actor_pool_find_overlap, actor_apply_damage, and fixed6_ratio_step; no strings	no argument registers are live at entry and no result escapes	absent from vendored/FID inventories; Psy-Q GTE services are callees, while the phase, hit-volume, and actor-damage policy are game-owned	player_update_weapon_attack	void player_update_weapon_attack(void)	supported behavior and state ownership; exact hit-volume lore and original TU remain unresolved
GAME.EXE	0x80016e24	0x94	game-session	no reconstruction unit	one CFG block clears camera rotation, initializes camera position to 31000,0,4000, allocates 0xc000 bytes, initializes game state, clears one unresolved option byte, and enables four defaults	called once from game_main_loop startup; writes camera_position, camera_rotation, player_weapon_asset_buffer, audio_effects_enabled, audio_music_enabled, and two unresolved option bytes; calls the reviewed aligned bump allocator and game_state_initialize; no strings	no argument registers are live at entry and no result escapes	absent from vendored/FID inventories; allocation is a helper call, while the startup state policy is game-owned	game_initialize_session	void game_initialize_session(void)	supported session-start role; exact ownership of the four option bytes and original TU remain unresolved
GAME.EXE	0x80016eb8	0x30	player-motion	no reconstruction unit	one CFG block writes zero to five consecutive halfwords and returns with the final clear in the return delay slot	called by player_sync_position_to_map and the reviewed menu/floor-transition dispatcher; the five stores exactly cover KfPlayerMotionState at 0x800a0840; no callees or strings	no argument registers are live at entry and no result escapes	absent from vendored/FID inventories; the complete player input-state extent and its game callers reject a generic library-clear identity	player_clear_motion	void player_clear_motion(void)	supported complete-object clear; original source name and TU remain unresolved
GAME.EXE	0x80016ee8	0x158	player-motion	no reconstruction unit	11 CFG blocks including compiler division traps derive cell x and z by signed division by 2000, fetch a 100-wide height byte, convert it by -100, derive camera Y, clear motion, refresh a 5x5 surrounding map region, and reset vertical motion	called during death restart, map loading, two floor-transition paths, and the main player update; reads camera x/z and map_floor_height_grid, writes player_map_cell, player_floor_height, camera y, player_vertical_state, and player_vertical_velocity; calls player_clear_motion and the 5x5 map-grid adjustment helper; no strings	no argument registers are live at entry and no result escapes	absent from vendored/FID inventories; map dimensions, camera state, and transition callers are game-owned	player_sync_position_to_map	void player_sync_position_to_map(void)	supported behavior and shared-state ownership; two neighboring state bytes and the 5x5 grid's semantic owner remain unresolved
GAME.EXE	0x80017040	0xc8	player-distance-query	no reconstruction unit	6 CFG blocks query bounded player distance, compute the wrapped absolute 12-bit angular difference from the supplied facing, and return the distance only when it does not exceed the tolerance	actor_spawn_action_effect is the sole confirmed caller and passes its position, derived facing, 50000 maximum distance, and 0x155 tolerance; reads camera x/z; calls player_distance_to_point and vector_xz_to_angle; no strings	a0 is dereferenced at offsets 0 and 8 as a KfVec3i pointer, a1 is sign-extended as s16 facing, and a2/a3 remain signed comparison operands; v0 returns distance or -1	absent from vendored/FID inventories; it composes two game-owned spatial helpers around actor/effect policy	player_distance_to_point_in_cone	s32 player_distance_to_point_in_cone(const KfVec3i *point, s16 facing, s32 max_distance, s32 angle_tolerance)	supported identity with evidenced argument widths and return contract; original angle typedef and TU remain unresolved
GAME.EXE	0x80017a24	0x5c	player-motion	no reconstruction unit	3 CFG blocks update only while vertical state is zero, advance a 12-bit phase by twice horizontal movement speed, call rsin, and store the signed result divided by 64	the main player update is the sole confirmed caller; reads player_vertical_state and KfPlayerMotionState.movement_speed and writes player_view_bob_phase and player_view_bob_offset; calls rsin; no strings	no argument registers are live at entry and no result escapes	absent from vendored/FID inventories; rsin is a Psy-Q service but the grounded camera-offset policy is game-owned	player_update_view_bob	void player_update_view_bob(void)	supported behavior and state identities; exact cadence and original TU remain unresolved
GAME.EXE	0x80017a80	0x278	player-motion	no reconstruction unit	26 CFG blocks fetch the current 100-wide floor byte, derive target height, branch on cell attributes and equipped leg armor, evolve vertical states 0, 0x10, and 0x20 with signed velocity, clamp to the floor, and set camera Y from floor height plus view bob minus 1500	called by the main player update and one collision/motion path; reads player_map_cell, map_floor_height_grid, map_cell_attribute_grid, player_equipped_leg_armor_id, player_floor_height, player_vertical_velocity/state, and player_view_bob_offset; writes floor/vertical/camera state and may call player_death_begin; no strings	no argument registers are live at entry and no result escapes	absent from vendored/FID inventories; hazard and floor-following decisions are game-owned despite the one death-policy callee	player_update_vertical_motion	void player_update_vertical_motion(void)	supported state machine and data ownership; attribute-byte enum meanings, leg-armor lore, and original TU remain unresolved
