# Reviewed semantic identities for the GAME player interaction, item-use, and world-collision family.
# Every row was checked with kf sema addr/disasm --blocks/xref/strings, Ghidra candidates, decoded callers/callees,
# adjacent boundaries, source/history/match state, and FID/vendor controls. Shared state and calls define this
# campaign; address adjacency is not a translation-unit claim, and names are reconstruction identities.
image	va	extent	family	current_match	body_and_cfg	call_and_data_evidence	signature_evidence	vendor_negative_control	final_name	final_signature	verdict
GAME.EXE	0x800150a8	0x54	player-weapon-records	100.000000000	5 CFG blocks copy 176 words and then negate one halfword at offset 0x26 in each of sixteen 0x2c-byte records	the sole confirmed caller passes loaded weapon-resource data; the destination is exactly weapon_records and ends at 0x800a01d0 before collision_target	a0 is advanced as a const word source; no result escapes; the exact loop extent proves KfWeaponRecord[16]	absent from vendored/FID inventories; the resource copy and per-record transform are game-owned	weapon_records_load_and_mirror_angles	void weapon_records_load_and_mirror_angles(const KfWeaponRecord *source)	exact C retained after replacing the incorrect encompassing asset-block model with the checked record array
GAME.EXE	0x800171fc	0x828	player-motion	no reconstruction unit	100 CFG blocks resolve horizontal movement against object collisions and the two 100-by-100 map grids, including compiler division traps and delay-slot-owned exits	the sole caller supplies the requested heading and distance; calls rcos, rsin, collision_query_world, vector_xz_to_angle, and angle_mod_delta_le_half_turn; reads collision_target, camera transform, map cells, and floor/collision grids	a0 is preserved full-word without re-extension for the 12-bit heading calculations; a1 participates in signed fixed-point multiplication; all observed exits return one	the trigonometric services are Psy-Q callees, but the map, player, and collision policy is game-owned	player_move_horizontal	s32 player_move_horizontal(s32 heading, s32 distance)	supported behavior, widths, shared state, and return contract; original symbol and TU remain unresolved
GAME.EXE	0x80017cf8	0x144	player-floor-entry	no reconstruction unit	6 CFG blocks select the current floor's one-based entry cell, convert it to world coordinates, optionally reload floor-five resources, and resynchronize player map state	called from player_use_item for item 0x3a; reads player_progress_state and floor_entry_cells and calls the reviewed map/player transition helpers	the routine has no live argument registers and no escaping result; the table arithmetic deliberately forms floor_entry_cells minus two bytes before adding the one-based floor index	absent from vendored/FID inventories; item and floor-transition policy are game-owned	player_warp_to_floor_entry	void player_warp_to_floor_entry(void)	supported one-based table identity and floor-transition role; original symbol and TU remain unresolved
GAME.EXE	0x80017e3c	0xa0	player-transform	no reconstruction unit	one CFG block copies the live camera position and rotation, adds three signed halfword view offsets, writes both caller outputs, and returns	confirmed consumers pass writable position and rotation snapshots; reads camera_position, camera_rotation, and player_view_rotation_offset	a0 receives four words and a1 four halfwords; the three offset loads/additions prove the VECTOR and SVECTOR output widths	absent from vendored/FID inventories; this is game-owned player/camera snapshot policy	player_update_transform_snapshot	void player_update_transform_snapshot(VECTOR *position_out, SVECTOR *rotation_out)	supported typed transform copy; ownership of the retained fourth lanes and original TU remain unresolved
GAME.EXE	0x80017edc	0xc8	actor-interaction-image	no reconstruction unit	8 CFG blocks patch decimal floor and actor-definition digits into a mutable ENE/EI path and invoke the full-screen image service	called from item interaction handling; reads actor definition_id and player current_floor and writes enemy_info_image_path_template	a0 is dereferenced at KfActor offset 0x01 as a byte; no result escapes	absent from vendored/FID inventories; the display service is a callee while path selection is game-owned	actor_show_info_image	void actor_show_info_image(const KfActor *actor)	supported actor field, mutable path, and display role; original symbol and TU remain unresolved
GAME.EXE	0x80017fa4	0xb0	map-event-interaction-image	no reconstruction unit	8 CFG blocks patch the event kind digits into a mutable PRSN/PER path and invoke the full-screen image service	called from item interaction handling; reads KfMapEvent.kind and writes person_info_image_path_template	a0 is dereferenced at KfMapEvent offset 0x01 as a byte; no result escapes	absent from vendored/FID inventories; the display service is a callee while person-image selection is game-owned	map_event_show_person_image	void map_event_show_person_image(const KfMapEvent *event)	supported map-event field, mutable path, and display role; original symbol and TU remain unresolved
GAME.EXE	0x80018054	0x45c	player-item-use	no reconstruction unit	43 CFG blocks dispatch item IDs 0x2a through 0x4a through a 33-entry switch and map-object types 0x51 through 0x7a through a nested 42-entry switch	call paths adjust player vitals/stats, warp floors, identify actors/events, and mutate map objects; uses player_item_use_jump_table and player_item_object_type_jump_table	a0 is masked to eight bits before range subtraction and switch dispatch, proving u8 item_id; no result escapes	absent from vendored/FID inventories; item effects and the two compiler switches are game-owned	player_use_item	void player_use_item(u8 item_id)	supported dispatch range, argument width, call set, and switch-table ownership; individual item lore remains deliberately unresolved
GAME.EXE	0x8001a5ac	0x504	world-collision	no reconstruction unit	49 CFG blocks test map, player, actor, map-object, and map-event collision classes and return an encoded hit or 0xffffffff	24 confirmed callers supply point, radius, height, and class flags; flag 0x800 copies the selected position, rotation, and radius into collision_target; no strings	a0-a3 are signed coordinate/radius inputs, stack arguments provide signed height and unsigned flags, and v0 carries the encoded u32 result	absent from vendored/FID inventories; pool traversal and object-class policy are game-owned, with no matching SDK signature	collision_query_world	u32 collision_query_world(s32 point_x, s32 point_y, s32 point_z, s32 radius, s32 height, u32 flags)	supported six-argument contract and KfCollisionTarget output layout; return-code bit meanings and original TU remain unresolved
