# Reviewed semantic identities for the GAME memory-card, save-file, and menu-feedback family.
# Every row was checked with kf sema addr/disasm --blocks/xref/strings/match. Except for the explicitly
# described generic 0x20-byte release wrapper, the functions are absent from both functions_vendored.tsv
# and the pinned Psy-Q FID census. BIOS/Psy-Q calls are callees, not evidence that these wrappers are SDK code.
image	va	extent	family	current_match	body_and_cfg	call_and_data_evidence	signature_evidence	vendor_negative_control	final_name	final_signature	verdict
GAME.EXE	0x8002b078	0xd8	save-system	no reconstruction unit	2 calls; 4 branches; common jr delay; four-entry directory loop	read-header result gates six-u32 copies from save_header_buffer+0x220 into caller stack arrays	caller passes KfSaveSlotSummary storage; returns signed status	absent from vendored/FID inventories	save_system_read_catalog	KfSaveResult save_system_read_catalog(KfSaveSlotSummary *summaries)	supported; retail's 0x24-byte clear is retained as an observed quirk
GAME.EXE	0x8002b150	0x84	menu-feedback	no reconstruction unit	3 calls; 4 branches; three cue arms; jr frame delay	92 proven callers; cue 0/1/other selects LIBSND voice/tone then waits and keys off	a0 is compared as s32; no value is returned	absent from vendored/FID inventories; LIBSND functions are only callees	menu_play_input_sound	void menu_play_input_sound(s32 cue)	supported
GAME.EXE	0x8002b1d4	0x100	memory-card	no reconstruction unit	12 calls; straight line; every call and return has a delay slot	OpenEvent uses HwCARD with EvSpIOE/TIMOUT/NEW/ERROR and EvMdNOINTR; stores four named handles	no live arguments; no return value	absent from vendored/FID inventories; constants match pinned KERNEL.H	memory_card_initialize	void memory_card_initialize(void)	supported
GAME.EXE	0x8002b2d4	0x60	memory-card	95.000000000%	5 calls; straight-line shutdown wrapper; nop call delays	StopCARD2 then CloseEvent for the four typed card handles	no live arguments; no return value	absent from vendored/FID inventories	memory_card_shutdown_events	void memory_card_shutdown_events(void)	supported; existing C remains non-exact
GAME.EXE	0x8002b334	0x38	memory-card	91.428570000%	3 calls; one operation-start guard; common jr delay	clears events, starts _card_info(0), then waits for a completion event only if the request started; returns zero otherwise	no arguments; v0 is the event result	absent from vendored/FID inventories	memory_card_begin_status_check	KfSaveStatus memory_card_begin_status_check(void)	supported; existing C remains non-exact
GAME.EXE	0x8002b36c	0x58	memory-card	94.545456000%	4 calls; straight line; nop call delays	TestEvent on the four typed handles clears pending event delivery	no live arguments; no return value	absent from vendored/FID inventories	memory_card_clear_events	void memory_card_clear_events(void)	supported; existing C remains non-exact
GAME.EXE	0x8002b3c4	0xbc	memory-card	no reconstruction unit	8 calls; 7 branches; polling loop with four return arms	TestEvent order matches IOE, timeout, new-device, error handles; undelivers before codes 1..4	no arguments; v0 carries a signed small status code	absent from vendored/FID inventories	memory_card_wait_event	KfSaveStatus memory_card_wait_event(void)	supported
GAME.EXE	0x8002b480	0x58	memory-card	94.545456000%	4 calls; straight line; nop call delays	UnDeliverEvent on the four typed handles	no live arguments; no return value	absent from vendored/FID inventories	memory_card_undeliver_events	void memory_card_undeliver_events(void)	supported; existing C remains non-exact
GAME.EXE	0x8002b4d8	0xf8	memory-card	no reconstruction unit	10 calls; 8 branches; new-card refresh plus result switch	format path is gated by caller flag; status-message helper handles failures; only proven caller passes one	sll/sra preserves signed s16 flag; returns mapped s32 menu result	absent from vendored/FID inventories	memory_card_check_or_format	KfSaveResult memory_card_check_or_format(KfCardFormatConfirmation confirmation)	supported
GAME.EXE	0x8002b5d0	0x78	memory-card	no reconstruction unit	3 calls; 3 branches; at-most-five retry loop	format(memory_card_root_path) followed by asynchronous status check	no arguments; returns status or 0x0b failure	the implementation is game retry policy around BIOS calls; absent from vendored/FID inventories	memory_card_format	KfSaveStatus memory_card_format(void)	supported
GAME.EXE	0x8002b648	0xf4	save-system	no reconstruction unit	10 calls; 7 branches; new-card refresh plus result switch	ready path calls save_file_write_slot; status-message helper displays failures; menu caller passes selection+1	sll/sra in caller and callee prove signed s16 one-based slot ID; returns s32 result	absent from vendored/FID inventories	save_system_write_slot	KfSaveResult save_system_write_slot(s16 slot_id)	supported
GAME.EXE	0x8002b73c	0x4f4	save-file	no reconstruction unit	24 calls; 30 branches; three slot scans and two five-attempt write loops	main/temp paths; 0x280 header; 0x2580 payload; directory at +0x200/+0x220; three state ranges serialized	callee sign-extends a0; caller passes one-based s16 slot ID; returns internal s32 status	absent from vendored/FID inventories; open/erase/lseek/write are SDK callees	save_file_write_slot	KfSaveStatus save_file_write_slot(s16 slot_id)	supported
GAME.EXE	0x8002bc30	0xd8	save-system	no reconstruction unit	10 calls; 5 branches; new-card refresh plus result switch	ready path calls save_file_read_header; status-message helper displays failures; catalog and slot-loader callers	no arguments; returns mapped s32 result	absent from vendored/FID inventories	save_system_read_header	KfSaveResult save_system_read_header(void)	supported
GAME.EXE	0x8002bd08	0xdc	save-file	no reconstruction unit	8 calls; 5 branches; at-most-five read retries	clears save_header_buffer; opens save_main_file_path; reads exactly 0x280 bytes	no arguments; returns 1, 7, or 0x0d as signed status	absent from vendored/FID inventories; file APIs are SDK callees	save_file_read_header	KfSaveStatus save_file_read_header(void)	supported
GAME.EXE	0x8002bde4	0xcc	save-system	no reconstruction unit	6 calls; 6 branches; new-card special case plus result switch	ready path calls save_file_read_slot; menu caller passes selection+1; failures load status messages	sll/sra proves signed s16 one-based slot ID; returns mapped s32 result	absent from vendored/FID inventories	save_system_read_slot	KfSaveResult save_system_read_slot(s16 slot_id)	supported
GAME.EXE	0x8002beb0	0x3cc	save-file	no reconstruction unit	13 calls; 27 branches; slot scan, five-attempt header/payload reads, common tail	compares all four six-u32 summaries before reading 0x2580 payload and restoring the write-side state ranges	callee sign-extends a0; caller passes one-based s16 slot ID; returns internal s32 status	absent from vendored/FID inventories; open/lseek/read/close are SDK callees	save_file_read_slot	KfSaveStatus save_file_read_slot(s16 slot_id)	supported
GAME.EXE	0x8002c27c	0x68	save-workspace	no reconstruction unit	3 calls; 2 branches; success/failure common return	arena allocation is exactly 0x2800; payload pointer is base+0x280; both regions are cleared	no arguments; explicit minus-one failure proves s32 return	absent from vendored/FID inventories	save_workspace_allocate	s32 save_workspace_allocate(void)	supported
GAME.EXE	0x8002c2e4	0x20	save-workspace	no reconstruction unit	one call; straight-line one-call wrapper; jr frame delay	calls the matching LIFO arena-pop helper immediately after the allocation wrapper in link order	no arguments; no return value	generic body has 12 incompatible FID hits and no curated vendored identity; game allocator callee and adjacency outweigh those non-unique hits	save_workspace_release	void save_workspace_release(void)	candidate name; signature supported; no surviving caller proves ownership
GAME.EXE	0x8002c304	0x20c	save-file	no reconstruction unit	5 calls; 4 copy-loop branches; large temporary TIM decode frame	writes SC/0x13/5, title, CLUT and three 0x80 icon frames to 0x200; leaves 0x80 directory clear and clears 0x2580 payload	no live arguments; no return value	absent from vendored/FID inventories; CD/TIM loader is a game helper callee	save_file_initialize_buffers	void save_file_initialize_buffers(void)	supported
GAME.EXE	0x8002c510	0xd0	memory-card	no reconstruction unit	one call; 14-way status switch; common jr delay	switch maps card statuses to decimal message IDs consumed by menu_load_message_image	sll/sra proves signed s16 status; explicit minus-one path proves s32 return	absent from vendored/FID inventories	memory_card_show_status_message	s32 memory_card_show_status_message(KF_ENUM_PARAM(KfSaveStatus, s16) status)	supported
GAME.EXE	0x8002c5e0	0x12c	menu-assets	no reconstruction unit	3 calls; 8 branches including compiler division traps	patches three decimal digits in memory_card_message_path_template, CD-loads into active workspace, then uploads TIM	sole caller supplies sign-extended s16-derived s32 ID; returns zero or one	absent from vendored/FID inventories; memset and TIM/CD helpers are callees	menu_load_message_image	s32 menu_load_message_image(s32 message_id)	supported
GAME.EXE	0x8002c70c	0x88	save-file	no reconstruction unit	5 calls; 4 branches; common return	_card_info/event result gates open-close-erase of save_temporary_file_path; called by main loop and save menu	no arguments; returns event/boolean status as s32	absent from vendored/FID inventories	save_file_cleanup_temporary	KfSaveCleanupResult save_file_cleanup_temporary(void)	supported
