# Function Match Plan: six semantic queries per function, all signature-constraining caller windows, neighboring asset/item functions, source history, raw MIPS and Psy-Q archive/header controls reviewed before editing.
# Common hypothesis: binder metadata and the six lifecycle routines own one animation vertex cache, not a generic allocator. See docs/patterns/animation-cache.md.
image	va	body_size	family	before_match	retail_cfg	caller_callee_data_evidence	signature_evidence	vendor_check	final_name	final_signature	verdict
GAME.EXE	0x800205d4	0x3a4	animation-cache	90.793990% fuzzy	72-byte frame; static/allocation/cache paths; u16 phase and morph loops; allocation retry; two-word vertex copies; extra-vector save/blend/restore; incoming s5 keyframe index is uninitialized; return delay slot restores frame	five proven callers; 12 proven calls and nine validated references; sole pool_allocate caller; stores every metadata field; no strings; asset table, current vertices and scratch plus-eight identities unchanged	void pointer to record slot; u16 asset/clip/phase/count; fifth O32 argument narrowed to u16; returns zero, one or record pointer; SVECTOR and SDK long morph ABI	game-specific asset grammar and cache policy; all 128 gteMIMefunc bytes match Release 2.5 LIBGTE.LIB MSC.OBJ at XDEF 0x61c	render_bind_animated_instance	KfPoolRecord *render_bind_animated_instance(void *anchor, u16 asset_index, u16 clip_index, u16 phase, u16 vertex_count)	90.793990% unchanged; merged into game.pool with typed metadata and pointers; binder body bytes unchanged; first retail difference remains early jump to compiled epilogue +0x378 versus retail +0x374; later count-register, loop and selection differences remain unattributed
GAME.EXE	0x80020978	0x30	animation-cache	100% exact	leaf; 12-iteration u16 countdown; state halfword and vertex-pointer word cleared; loop delay slot advances record by 20; jr ra owns nop	render_initialize caller at 0x8001bfa0; validated pool_records HI16/LO16 at 0x80020978/0x8002097c; no calls or strings	void(void); count masked to 16 bits; 12 records and 20-byte stride support complete 0xf0-byte BSS owner	game animation cache lifecycle; not a Sony allocation API	pool_reset	void pool_reset(void)	100% preserved after storage definition and TU merge; complete 0xf0-byte BSS owner matches; state and cached-vertex stores, countdown and ordered pool referent unchanged
GAME.EXE	0x800209a8	0x3c	animation-cache	100% exact	leaf; signed halfword state test; nonzero state becomes 1; u16 countdown12; record stride20 in loop delay slot; jr ra owns nop	render_frame caller at 0x8001fe08 before entity rendering; validated pool_records pair at 0x800209a8/0x800209ac; no calls or strings	void(void); state is s16; countdown is u16	game per-frame stale marking, not an SDK pool	pool_mark_allocated	void pool_mark_allocated(void)	100% preserved after TU merge; s16 state and u16 countdown retained; validated pool referent and delay-slot stride unchanged
GAME.EXE	0x800209e4	0x48	animation-cache	100% exact	24-byte frame; load owner slot pointer at +16 then clear state and pointed-to word; conditionally free vertex pointer at +12 and clear it; jr ra owns frame restoration	four proven callers: binder twice and both release scans; one proven free call at 0x80020a10; no strings; relocation inventory call remains candidate while decoded jal is proven	void(KfPoolRecord *record); a0 copied to saved record pointer; +16 is KfPoolRecord** and +12 is SVECTOR* from binder stores	wrapper policy is game-owned; all 12 free body bytes match Release 2.5 LIBAPI.LIB C52.OBJ at XDEF0; free remains vendored	pool_record_release	void pool_record_release(KfPoolRecord *record)	100% preserved after typed cached-vertex and owner-slot pointers and TU merge; ordered release/free behavior, constants and delay slots unchanged
GAME.EXE	0x80020a2c	0x6c	animation-cache	100% exact	32-byte frame; signed countdown11 to -1 with explicit halfword sign extension; release nonzero-state records; loop delay slot advances by20; jr ra owns frame restoration	seven proven callers including binder retry, death, warp, unload and menu reset; proven record-release call; validated pool_records pair at 0x80020a40/0x80020a44; no strings	void(void); s16 counter is distinct from other scans' u16 counters	game reset/cache flush policy; free is separately vendored	pool_release_all	void pool_release_all(void)	100% preserved after TU merge; signed countdown11 to -1 retained; pool base and record-release referents unchanged
GAME.EXE	0x80020a98	0x6c	animation-cache	100% exact	40-byte frame; u16 countdown12; signed state equals1 selects release; loop delay slot advances record by20; jr ra owns frame restoration	render_frame caller at 0x800202d8 after entity/weapon render and present; proven record-release call; validated pool_records pair at 0x80020ab0/0x80020ab4; no strings	void(void); state1 is stale, binder promotes retained entries to2	game render-frame cache policy, not SDK callback glue	pool_release_stale	void pool_release_stale(void)	100% preserved after TU merge; stale-state1 sweep, u16 countdown and ordered referents unchanged
GAME.EXE	0x80020b04	0x48	animation-cache	100% exact	leaf; u16 countdown12 and signed state-zero test; free slot gets clip halfword0xff and returns pointer; exhaustion returns0; validated internal jump; jr ra owns nop	binder is sole proven caller at 0x80020670; validated pool_records pair at 0x80020b04/0x80020b08 and branch at 0x80020b30; no strings	KfPoolRecord*(void); does not reserve or change state; only clip cache is invalidated	game-specific animation cache invalidation, not malloc	pool_allocate	KfPoolRecord *pool_allocate(void)	100% preserved after clip-index recovery and TU merge; invalid clip0xff, zero/record return and lack of state reservation retained
