# Reviewed semantic identities for GAME map-event queries, matrix interpolation, and the player-restoration color effect.
# Every row was checked with kf sema addr/disasm --blocks/xref/xref --callees/strings, Ghidra candidates,
# callers and adjacent boundaries, source/history/match state, and FID/vendor controls. Dependency rows outside
# 0x80033ae4..0x80033e10 are included because the target call chain resolves their previously opaque signatures.
image	va	extent	family	current_match	body_and_cfg	call_and_data_evidence	signature_evidence	vendor_negative_control	final_name	final_signature	verdict
GAME.EXE	0x800202fc	0x68	matrix	no reconstruction unit	nine-iteration loop computes from[i] plus ((to[i] minus from[i]) times blend shifted right 12) and stores signed halfwords	called by both GTE matrix-install wrappers and three other game routines; no strings; does not write MATRIX translation fields	a0 and a1 are read-only 3x3 MATRIX inputs, a2 is the output, and a3 is the Q12 blend	absent from vendored/FID inventories; callers separately invoke Sony SetColorMatrix or SetLightMatrix	matrix_interpolate	void matrix_interpolate(const KfMatrix *from, const KfMatrix *to, KfMatrix *output, s32 blend)	supported; generic game-owned matrix interpolation, with original TU ownership unresolved
GAME.EXE	0x80020364	0x2c	lighting	63.636364%; complete C with unattributed epilogue scheduling residue	straight-line stack MATRIX construction through matrix_interpolate followed by SetColorMatrix	transition helper passes two MATRIX pointers and Q12 blends; direct Sony SetColorMatrix call; no strings	the shared interpolation helper proves both pointer inputs and the signed blend	game wrapper around a vendored SDK leaf, not itself present in Psy-Q FID inventories	lighting_set_color_matrix	void lighting_set_color_matrix(const KfMatrix *from, const KfMatrix *to, s32 blend)	supported; corrected parameter types without claiming an exact match
GAME.EXE	0x80020390	0x2c	lighting	63.636364%; complete C with unattributed epilogue scheduling residue	straight-line stack MATRIX construction through matrix_interpolate followed by SetLightMatrix	callers pass two MATRIX pointers and Q12 blends; direct Sony SetLightMatrix call; no strings	the shared interpolation helper proves both pointer inputs and the signed blend	game wrapper around a vendored SDK leaf, not itself present in Psy-Q FID inventories	lighting_set_light_matrix	void lighting_set_light_matrix(const KfMatrix *from, const KfMatrix *to, s32 blend)	supported; corrected parameter types without claiming an exact match
GAME.EXE	0x80033ae4	0xa8	map-event	no reconstruction unit	bounded X/Z differences are shifted by three, squared, passed to SquareRoot0, rescaled, and rejected above max_distance	called only by the cone and overlap event-pool queries; reads KfMapEvent reference_x and reference_z; no strings	a0 field offsets prove the event pointer; signed slt instructions prove point coordinates and max_distance are signed s32	absent from vendored/FID inventories; algorithm is tied to the game event layout	map_event_distance_to_point	s32 map_event_distance_to_point(const KfMapEvent *event, s32 point_x, s32 point_z, s32 max_distance)	supported; return is a distance or minus one
GAME.EXE	0x80033b8c	0x144	map-event-pool	no reconstruction unit	eight-record loop filters state one, rejects distant events, computes wrapped facing error, and retains the smallest error inside angle_tolerance	sole caller 0x80018054 invokes the analogous actor selector first, then this routine with camera_position, camera yaw, distance 6000, tolerance 0x155, and a stack distance result; no strings	origin x/z loads and the stack fifth argument prove KfVec3i plus s32 pointer; facing is the caller's yaw halfword; signed comparisons prove the two limits	absent from vendored/FID inventories; direct map_event_pool access and game selector policy exclude SDK ownership	map_event_pool_find_target_in_cone	KfMapEvent * map_event_pool_find_target_in_cone(const KfVec3i *origin, s16 facing, s32 max_distance, s32 angle_tolerance, s32 *distance_out)	supported; selects by smallest angular error rather than nearest distance
GAME.EXE	0x80033cd0	0xb0	map-event-pool	no reconstruction unit	eight-record loop returns the first signed index whose active event is within event radius plus caller padding	sole caller 0x8001a5ac uses the result as an index into the same 0x44-stride pool; no strings	the three arguments flow unchanged as point x, point z, and signed radius padding; return paths are signed index or minus one	absent from vendored/FID inventories; behavior is game collision policy	map_event_pool_find_overlap	s32 map_event_pool_find_overlap(s32 point_x, s32 point_z, s32 radius_padding)	supported; also proves radius at KfMapEvent offset 0x20 and definition offset 0x14
GAME.EXE	0x80033d80	0x68	lighting	no reconstruction unit	five-iteration loop advances blend by 0x400 from zero through 0x1000, installs the interpolated color matrix, renders, and waits	sole caller passes stack MATRIX values built or saved by color-matrix routines; calls lighting_set_color_matrix, func_8001fde4, and frame_pacer_wait; no strings	a0 and a1 are preserved as read-only MATRIX pointers across the loop	absent from vendored/FID inventories; it orchestrates game rendering around SDK matrix state	lighting_transition_color_matrix	void lighting_transition_color_matrix(const KfMatrix *from, const KfMatrix *to)	supported; blocking transition semantics and two-pointer signature are proven
GAME.EXE	0x80033de8	0x28	color-matrix	exact 100%; humane C retained	nine halfword stores fill each row of the 3x3 matrix with one input component; the final store occupies the jr delay slot	sole caller builds green, cyan, and white stack MATRIX values for the restoration cycle; no strings	caller constants and MATRIX stack extents prove signed RGB components plus output MATRIX pointer	absent from vendored/FID inventories; exact game C body and caller-specific color construction	color_matrix_set_rgb	void color_matrix_set_rgb(s16 red, s16 green, s16 blue, KfMatrix *matrix)	supported identity and exact reconstruction; authentic MATRIX type replaces the temporary nine-halfword view
GAME.EXE	0x80033e10	0xd4	player	no reconstruction unit	saves current color matrix, transitions through green, cyan, and white, restores the prior matrix, copies maximum HP/MP to current HP/MP, and clears bits zero through three of an unresolved flag word	sole caller 0x8003425c gates the effect on two state bytes; calls ReadColorMatrix, color_matrix_set_rgb, and lighting_transition_color_matrix; reads and writes player_vitals; no strings	no argument register is consumed and no return value escapes; all three stack objects are full MATRIX extents	absent from vendored/FID inventories; combines game player state with SDK-backed visual effects	player_restore_vitals_with_color_cycle	void player_restore_vitals_with_color_cycle(void)	supported; low-four-bit flag meanings and caller-level gameplay trigger remain deliberately unresolved
