# Reviewed semantic identities for the GAME player progression, stat-recalculation, magic, weapon, and equipment family.
# Every row was checked with kf sema addr/disasm --blocks/xref/strings, Ghidra candidates, decoded callers/callees,
# adjacent boundaries, source/history/match state, and FID/vendor controls. This is a call-graph and shared-state
# campaign, not a translation-unit ownership claim; attack/defense component lore remains deliberately numbered.
image	va	extent	family	current_match	body_and_cfg	call_and_data_evidence	signature_evidence	vendor_negative_control	final_name	final_signature	verdict
GAME.EXE	0x80015714	0x814	player-stats	no reconstruction unit	44 CFG blocks rebuild effective physical power, magic, five attack components, and six defense/resistance values; weapon and armor loops, an eleven-case accessory switch, status modifiers, caps, and three notification paths are all represented	reads base stats, status flags, weapon/armor/accessory IDs and records; writes the effective stat block; calls the message helper three times; the switch table is player_combat_stat_effect_jump_table; no strings	no arguments are live at entry and no result escapes; all inputs and outputs are shared player state	absent from vendored/FID inventories; equipment records, player status policy, and the accessory switch are game-owned	player_recalculate_combat_stats	void player_recalculate_combat_stats(void)	supported behavior and state ownership; individual attack/defense lane meanings and original TU remain unresolved
GAME.EXE	0x80015f28	0x98	player-progression	no reconstruction unit	6 CFG blocks increment a hidden halfword, raise base physical power at 100, reset the counter, cap the stat at 999, notify, and recalculate combat stats	called from the player hit/training path; reads and writes player_physical_power_training and player_base_physical_power; calls notification and player_recalculate_combat_stats; no strings	no arguments are live at entry and no result escapes	absent from vendored/FID inventories; state and call set are player progression policy	player_increment_physical_power_training	void player_increment_physical_power_training(void)	supported; physical power follows the official status-screen term, while the exact original routine name is unknown
GAME.EXE	0x80015fc0	0x98	player-progression	no reconstruction unit	6 CFG blocks mirror the physical-power trainer for the magic counter and base magic stat, including the threshold, cap, notification, and recalculation	called from player damage and an item-use path; reads and writes player_magic_training and player_base_magic; calls notification and player_recalculate_combat_stats; no strings	no arguments are live at entry and no result escapes	absent from vendored/FID inventories; state and call set are player progression policy	player_increment_magic_training	void player_increment_magic_training(void)	supported; magic follows the official status-screen term, while the exact original routine name is unknown
GAME.EXE	0x80016058	0x224	player-progression	no reconstruction unit	18 CFG blocks add and cap experience, iterate every crossed level threshold, update level/vitals/base stats from a forty-record growth table, extrapolate after level 40, cap stats, recalculate, notify, and play a packed level-up sound	actor_apply_damage is the sole direct caller and passes the defeated actor definition's halfword at offset 0x84; reads player_experience, player_next_level_experience, player_progress_state.level, player_level_growth_table, player_vitals, and base stats; no strings	the entry sign-extends a0 before addition, proving s16 amount; no result escapes	absent from vendored/FID inventories; only notification/audio callees are shared services and the progression loop is game-owned	player_add_experience	void player_add_experience(s16 amount)	supported identity with proven argument width; negative awards are representable even though no observed caller supplies one
GAME.EXE	0x800167e4	0x64	player-magic	no reconstruction unit	4 CFG blocks clear MAGIC charge, store a selected ID, choose null for 0xff or a 20-byte-stride record pointer, and return	menu and gameplay callers pass selected magic IDs; reads the magic-record base and writes player_magic_charge, player_selected_magic_id, and player_selected_magic_record; no calls or strings	a0 is masked to eight bits before comparison/storage and no result escapes, proving unsigned-byte input storage; the selected-spell enum domain follows its callers	absent from vendored/FID inventories; selected-spell state is game-owned	player_select_magic	void player_select_magic(KfEffectKind magic_id)	supported identity and proven argument width; the magic-record layout remains opaque; selected-spell enum propagation: game-selected-magic-types.md
GAME.EXE	0x80016848	0x1e8	player-equipment	no reconstruction unit	24 CFG blocks dispatch six slot values through a compiler switch, update one item ID, resolve five 28-byte armor record pointers or null, and recalculate combat stats	menu and initialization callers pass item and slot IDs; writes head/body/arm/leg/shield/accessory IDs for selectors0..5 and resolves five record pointers; uses player_equipment_slot_jump_table; calls player_recalculate_combat_stats; no strings	a1 is masked to eight bits before the slot switch; byte stores consume the low byte of a0 and menu callers explicitly narrow it; no result escapes	absent from vendored/FID inventories; equipment selection and stat rebuilding are game-owned	player_set_equipment_slot	void player_set_equipment_slot(KfObjectId item_id, KfEquipmentSlot slot)	supported identity and proven argument widths; semantic slot order recovered; original spelling and TU remain unresolved; typed domain follow-up: game-equipment-domains.md; corrected slot meanings: game-item-equipment-identities.md (retail menu and item labels)
GAME.EXE	0x80016a30	0xf4	player-weapon	no reconstruction unit	7 CFG blocks clear both POWER charge halfwords, store the weapon ID, skip record assignment for empty weapon 0xff or resolve a 44-byte-stride record, rewrite two decimal path digits, load/register the weapon asset, and recalculate combat stats	menu, initialization, and scripted callers pass weapon IDs; writes player_attack_charge_state, player_equipped_weapon_id, player_equipped_weapon_record, and weapon_image_path_template; calls asset services and player_recalculate_combat_stats	a0 is masked to eight bits before comparison, storage, and decimal-digit derivation, proving u8 weapon_id; no result escapes	absent from vendored/FID inventories; it orchestrates game equipment and assets rather than implementing a vendor API	player_equip_weapon	void player_equip_weapon(KfObjectId weapon_id)	supported identity and proven argument width; typed weapon asset buffer is resolved; empty weapon leaves the old record pointer untouched; remaining opaque weapon fields remain unresolved (game-equipment-domains.md)
