# Reviewed semantic identities for GAME actor placement loading, map-region copying, and map-object setup.
# Every row was checked with kf sema addr/disasm --blocks/xref/xref --callees/strings/match, Ghidra,
# raw initialized bytes, caller review, and the pinned Psy-Q FID/vendor inventories.
image	va	extent	family	current_match	body_and_cfg	call_and_data_evidence	signature_evidence	vendor_negative_control	final_name	final_signature	verdict
GAME.EXE	0x800308c0	0x1ac	actor-load	100.000000000% exact	12 CFG blocks; sentinel latch followed by a fixed 128-record loop	sole caller supplies a loaded resource pointer; consumes 0x10-byte records and writes actor_pool at 0x48 stride	a0 advances by 0x10 and is read-only; no result escapes	absent from vendored/FID inventories	actor_pool_load_placements	void actor_pool_load_placements(const KfActorPlacement *placements)	supported; serialized placement fields remain intentionally opaque
GAME.EXE	0x80030a6c	0x2c	actor-load	100.000000000% exact	3 CFG blocks; one 0x1c8-word copy loop	sole caller supplies a resource pointer; destination is actor_definitions and copied extent is exactly 0x720 bytes	a0 is a read-only KfActorDefinition sequence; no result escapes	absent from vendored/FID inventories	actor_definitions_load	void actor_definitions_load(const KfActorDefinitionTable *definitions)	supported
GAME.EXE	0x80030a98	0x1e4	map-copy	100.000000000% exact	8 CFG blocks; nested height/width loops with early disabled-region exits	indexes five six-byte initialized descriptors and copies five parallel 100-column map layers from source to destination; two proven callers pass index 4	a0 is masked to u8 and 0xff disables the operation; no result escapes	absent from vendored/FID inventories	map_apply_copy_region	void map_apply_copy_region(KfMapCopyRegionId region_id)	exact under probe-gcc257-o2-g0; source-before-destination column increments recover all 121 words and sixteen relocations; complete five-record initializer matches retail; following 01 01 remains unclassified; docs/patterns/game-map-copy-region-source.md
GAME.EXE	0x80030c7c	0x23c	map-object	100.000000000% exact	29 CFG blocks; definition behavior-type split plus four cardinal-yaw cases	five caller sites in object loading and runtime updates; writes current and neighboring cells in the collision map	a0 field accesses establish const KfMapObject with byte-narrowed cell coordinates; a1 is stored as u8; a2 is masked to a 12-bit yaw	absent from vendored/FID inventories	map_object_mark_collision_edge	void map_object_mark_collision_edge(const KfMapObject *object, KfMapCellKind cell_kind, u16 yaw)	supported and exact; chained opposite-row assignments recover the shared grid base and separate return-tail stores; all 143 words and 25 relocations agree; game-map-collision-edge.md
GAME.EXE	0x80030eb8	0xc4	map-object	93.755104000% fuzzy	13 CFG blocks; type 2 owns the shared collision block before type 0's four cardinal adjustments; one common return	two runtime callers; type 2 uses the current point and type 0 offsets it by one cardinal cell; fixed radius 3000 and flags 0x21	a0 is const KfMapObject; a1 is masked to 12-bit yaw; word collision result is defined on the queried paths; unsupported paths remain indeterminate	absent from vendored/FID inventories	map_object_probe_forward	s32 map_object_probe_forward(const KfMapObject *object, u16 yaw)	supported caller-domain reconstruction; shared call/return CFG recovered; remaining X/result-register and radius-setup residue is unattributed; game-map-forward-probe.md
GAME.EXE	0x80030f7c	0x60	map-object-pool	78.250000000% fuzzy	3 CFG blocks; one 190-record clear loop	called during main initialization; walks map_object_pool at 0x2c stride and resets three adjacent halfword counters	no live arguments or return value	absent from vendored/FID inventories	map_object_pool_clear	void map_object_pool_clear(void)	supported
GAME.EXE	0x80030fdc	0x2c	map-object-load	100.000000000% exact	3 CFG blocks; one 0x140-word copy loop	sole resource-loading caller; destination is the 160-record map_object_definitions BSS extent	a0 is a read-only KfMapObjectDefinition sequence; no result escapes	absent from vendored/FID inventories	map_object_definitions_load	void map_object_definitions_load(const KfMapObjectDefinitionTable *definitions)	supported; eight-byte division corroborated by the runtime consumer block
GAME.EXE	0x80031008	0x448	map-object-load	100.000000000% exact	43 CFG blocks; 190-record sentinel loop and special-object switch	loads 0x14-byte placements into map_object_pool at 0x2c stride, reads metadata/map layers, spawns four special effects, and marks collision edges	a0 advances by 0x14 as read-only KfMapObjectPlacement records; no result escapes	absent from vendored/FID inventories	map_object_pool_load	void map_object_pool_load(const KfMapObjectPlacement *placements)	supported; serialized placement fields remain intentionally opaque
