# Six required semantic queries per function, caller arguments, adjacent owners, raw MIPS, relocation targets, source history and SDK negative controls reviewed before editing.
# Array identity and element type are supported; GAME inventory sizes are referenced prefixes, not complete capacities. See docs/patterns/tmd-projection.md.
image	va	body_size	family	before_match	retail_cfg	caller_callee_data_evidence	signature_evidence	vendor_check	final_name	final_signature	verdict
GAME.EXE	0x8001c60c	0x9c	tmd-buffer-views	98.846150% fuzzy	64-byte frame; zero guard; count-minus-one delay slot; eight-byte input and output strides; doubled low-halfword perspective and depth stores; jr ra owns stack restoration	nine proven calls; validated projected-array and current-vertex pairs; RotTransPers and ReadSZ2 proven calls; no strings; output first-entry halfwords are one KfScreenVertex	void(s32 count); word count; SVECTOR input; packed DVECTOR output at 0 and halfword sz/p2 at 4/6	game-owned array traversal; SDK projection and depth helpers remain separately vendored	tmd_project_vertices	void tmd_project_vertices(s32 count)	98.846150% unchanged; projected identity and tmd.h declaration recovered; compiled text unchanged; first difference remains counter/output-depth s0/s1 roles
GAME.EXE	0x8001c6a8	0xac	tmd-buffer-views	98.953490% fuzzy	64-byte frame; guarded descending loop; eight-byte strides; a1 masked to 0xff; word depth shifted arithmetically; return delay slot restores frame	weapon caller passes shift 3; same validated array/cursor pairs and proven SDK calls; no strings	void(s32 count,u8 shift); word depth and low-halfword perspective conversions retained	game-specific weapon depth policy; RotTransPers and ReadSZ2 remain SDK code	tmd_project_vertices_shift	void tmd_project_vertices_shift(s32 count, u8 shift)	98.953490% unchanged; semantic projected-array identity; compiled text unchanged; first difference remains initial counter register
GAME.EXE	0x8001c754	0xa4	tmd-buffer-views	100% exact	72-byte frame; zero guard; descending word loop; RotTrans output X/Y/Z low halfwords stored in each eight-byte entry; jr ra owns stack restoration	effect-sprite caller; validated projected-array and current-vertex pairs; one proven RotTrans call; no strings	void(s32 count); authentic SVECTOR input and VECTOR output; both depth fields receive the Z low halfword	game-owned loop; RotTrans remains separately vendored SMP lineage	tmd_transform_vertices	void tmd_transform_vertices(s32 count)	100% preserved; projected base renamed without text changes; all ordered referents retained
GAME.EXE	0x8001c7f8	0xf38	tmd-buffer-views	52.039013% fuzzy	88-byte frame; primitive-count guard and word countdown; mode switch and packet-width advance; culling/allocation checks; depth-bias and ordering-table insertion; return delay slot restores frame	seven proven callers; 46 proven outgoing calls/indirect transfers, 35 validated references and 11 candidate internal jumps; state-field address plus 0x1e8 yields projected base; no strings	void(u16 object_index,s16 depth_bias); full-word primitive count; prepared halfword vertex byte offsets index packed sxy and signed halfword sz/p2	game packet dispatch over TMD and display state; GTE/GPU helpers remain vendored	render_enqueue_tmd	void render_enqueue_tmd(u16 object_index, s16 depth_bias)	52.039013% unchanged; compiled text unchanged; projected array identity recovered; first difference remains 88-versus-96-byte frame; existing broader state/referent and CFG residues not hidden with synthetic relocations
GAME.EXE	0x8001d730	0x6e8	tmd-buffer-views	60.490950% fuzzy	96-byte frame; guarded word primitive loop; four textured modes; clipping, packet allocation and ordering-table insertion; return delay slot restores frame	one proven actor call; 15 proven calls and 15 validated references; projected base is state-field address plus 0x1e8; reads shared texture state; no strings	void(u16 object_index,s16 depth_bias); full-word primitive count; prepared halfword vertex byte offsets and signed depth reads	game-specific model emitter; SDK packet and lighting helpers stay vendored	render_enqueue_model	void render_enqueue_model(u16 object_index, s16 depth_bias)	60.490950% unchanged; compiled text unchanged; first difference remains current-asset address/load setup; projected array declaration shared without inventing enclosing-state ownership
GAME.EXE	0x8001de18	0x418	tmd-buffer-views	17.954199% fuzzy	80-byte frame; calls projection then traverses word primitive count; two textured modes; per-vertex fog and depth plus 200; return delay slot restores frame	one proven map-cell call; 16 proven calls and seven validated references; projected base is state-field address plus 0x1e8; no strings	void(u16 object_index); full-word vertex and primitive counts; prepared vertex offsets read packed coordinates and signed halfword depths	game map policy over shared projection state; SDK lighting and packet callees remain vendored	render_enqueue_map	void render_enqueue_map(u16 object_index)	17.954199% unchanged; compiled text unchanged; first difference remains current-asset setup; existing codegen/control-flow and broader ownership differences remain WIP
GAME.EXE	0x800205d4	0x3a4	tmd-buffer-views	90.793990% fuzzy	72-byte frame; static/allocation/cache branches; halfword clip-phase and morph loops; allocation retry; two-word vertex copies; save/blend/restore extra vector; uninitialized incoming s5 keyframe index; jr ra owns frame restoration	five proven callers; 12 proven calls and nine validated references; scratch copy target 0x800930f8 is base 0x800930f0 plus eight; final cursor uses same plus eight; no strings	anchor slot pointer; u16 asset_index/clip_index/phase; fifth O32 word narrowed to u16 vertex_count; zero/one/record return retained; SDK SVECTOR and long morph ABI	game asset-offset/pool/cache logic; gteMIMefunc at 0x8004c860 equals all 128 MSC.OBJ bytes at XDEF 0x61c in Release 2.5 LIBGTE.LIB	render_bind_animated_instance	KfPoolRecord *render_bind_animated_instance(void *anchor, u16 asset_index, u16 clip_index, u16 phase, u16 vertex_count)	90.793990% unchanged; direct owner headers, semantic parameters/locals, and one SVECTOR scratch identity; compiled text differs only by plus-eight interior relocation addend; first retail difference remains early jump to compiled epilogue plus 0x378 versus retail plus 0x374
