# Reviewed function, interface, and ownership evidence for the contiguous GAME menu-presentation run.
# Every row was checked with image-qualified kf sema addr/disasm --blocks/cfg/xref/xref --callees/strings/match, callers, adjacent boundaries, source history, raw instructions, and provider controls.
# The merged module is a WIP ownership model: its seven claims are gapless, but neither neighboring boundary proves the original source filename.
image	va	extent	family	current_match	body_and_cfg	call_and_data_evidence	signature_and_width_evidence	vendor_negative_control	final_name	final_signature	tu_verdict
GAME.EXE	0x800291ec	0x10c	menu-choice	100.000000000% exact	branching dispatcher selects one of two points, optional highlight sprites, then draws both labels	9 proven callers; two opaque, three translucent, and two glyph-renderer call sites; DAT_8005840c/18/6c and DAT_800583f4	a0/a1 are passed unchanged to both point-prefix and glyph consumers; a2/a3 are full-word selection and highlight controls	absent from functions_vendored.tsv and both FID inventories; widget composition is game-owned	menu_draw_two_option	void menu_draw_two_option(const MenuGlyphString * option0, const MenuGlyphString * option1, s32 selected, s32 highlight)	game-owned; first claim in gapless 0x800291ec..0x8002abb4 WIP module
GAME.EXE	0x800292f8	0x7b8	item-preview	68.518220% fuzzy	matrix/light setup, one ten-halfword name copy, four mirrored textured quads, then four persistent AddPrim calls	5 proven item_use_confirm calls; DAT_80058dc0 rows, DAT_80057b72 angle, shared font/tile descriptors, GTE/GPU helpers	a0 is the signed item id used with a 20-byte row stride; halfword name loads/stores and the ten-iteration bound prove the glyph-row width	absent from functions_vendored.tsv and both FID inventories; RotMatrix/MulMatrix0/Set* and AddPrim are provider boundaries	menu_draw_item_name_frame	void menu_draw_item_name_frame(s32 item_id)	game-owned; follows the prior claim with no gap; residue unchanged
GAME.EXE	0x80029ab0	0x1a0	sprite-blit	88.269230% fuzzy	straight-line translucent POLY_FT4 builder with (4,3) corner inset and OT depth 2000	10 proven menu callers; primitive begin/commit and SetSemiTrans; no strings	a0 fields use lhu/lbu at MenuSpriteDef offsets 0..10; a1 x/y use lhu at offsets 0/2; both objects are read-only	absent from functions_vendored.tsv and both FID inventories; SetSemiTrans is the provider boundary	menu_blit_sprite_translucent	void menu_blit_sprite_translucent(const MenuSpriteDef * sprite, const MenuPoint * position)	game-owned; follows the prior claim with no gap; residue unchanged
GAME.EXE	0x80029c50	0x190	sprite-blit	87.800000% fuzzy	straight-line opaque POLY_FT4 builder with (18,2) corner inset and OT depth 2000	3 proven menu callers; primitive begin/commit; no strings	a0 fields use lhu/lbu at MenuSpriteDef offsets 0..10; a1 x/y use lhu at offsets 0/2; both objects are read-only	absent from functions_vendored.tsv and both FID inventories; primitive helpers delimit the game/provider boundary	menu_blit_sprite	void menu_blit_sprite(const MenuSpriteDef * sprite, const MenuPoint * position)	game-owned; follows the prior claim with no gap; residue unchanged
GAME.EXE	0x80029de0	0x530	glyph-render	99.325300% fuzzy	terminated glyph loop plus independent 0x1000 and 0x2000 decoration branches; every path commits at OT depth 1000	63 proven menu callers; shared font descriptor and primitive begin/commit; no strings	font fields use lhu/lbu at MenuSpriteDef offsets; string origin uses lhu, codes use lh for -1 termination and lhu for bit masks	absent from functions_vendored.tsv and both FID inventories; primitive helpers delimit the game/provider boundary	menu_draw_string	void menu_draw_string(const MenuSpriteDef * font, const MenuGlyphString * string)	game-owned; follows the prior claim with no gap; documented equivalent-low-byte immediate residue unchanged
GAME.EXE	0x8002a310	0x200	number-render	98.359375% fuzzy	guarded signed-glyph loop emits one fixed-pitch quad per code at OT depth 1000	47 proven menu callers; DAT_800583e8 number atlas and primitive begin/commit; no strings	font fields use lhu/lbu at MenuSpriteDef offsets; string origin uses lhu and each glyph uses lh before multiplication by 11	absent from functions_vendored.tsv and both FID inventories; primitive helpers delimit the game/provider boundary	menu_draw_number	void menu_draw_number(const MenuSpriteDef * font, const MenuGlyphString * string)	game-owned; follows the prior claim with no gap; one-instruction scheduling residue unchanged
GAME.EXE	0x8002a510	0x6a4	window-backdrop	58.192940% fuzzy	one straight-line body emits four translucent POLY_FT4 tiles, then enqueues four persistent border quads	3 proven menu callers; four calls each to primitive begin/commit, SetSemiTrans, and AddPrim; DAT_80058400..0a atlas fields and DAT_800580e8 border quads	no argument is live and no result escapes; atlas page/CLUT/dimensions use lhu, UV fields use lbu, and the border owner is POLY_FT4[2][4]	absent from functions_vendored.tsv and both FID inventories; SetSemiTrans and AddPrim are SDK boundaries while window composition is game-owned	menu_draw_window_backdrop	void menu_draw_window_backdrop(void)	game-owned; final claim ends exactly at the separate menu_frame_begin runtime unit; existing base/scheduling residue unchanged
