# Reviewed semantic identities for the GAME actor-definition, live-pool, transform, lifecycle, and damage core.
# Every row was checked with kf sema addr/disasm --blocks/xref/strings/match, adjacent/caller review, Ghidra,
# and the pinned Psy-Q FID/vendor inventories. The 0x8002cab4 row intentionally remains address-named.
image	va	extent	family	current_match	body_and_cfg	call_and_data_evidence	signature_evidence	vendor_negative_control	final_name	final_signature	verdict
GAME.EXE	0x8002ca78	0x3c	actor-pool	no reconstruction unit	one five-block loop; stride 0x48; returns null after 128 records	sole data input is actor_pool; tests slot_state against 0xff	v0 returns a record pointer or zero; no live arguments	absent from vendored/FID inventories	actor_pool_find_free	KfActor * actor_pool_find_free(void)	supported
GAME.EXE	0x8002cab4	0x20	unresolved	no reconstruction unit	one call; straight-line wrapper; jr frame delay	calls actor_pool_find_free and discards v0; no admitted callers	no live arguments and no surviving result	12 generic 0x20-byte FID hits are all ambiguous multi-image/multi-identity collisions	func_8002cab4	void func_8002cab4(void)	reviewed unresolved; signature supported, source purpose unknown
GAME.EXE	0x8002cad4	0x70	actor-context	no reconstruction unit	two optional-copy branches; unaligned 8-byte copy uses lwl/lwr/swl/swr	sole caller supplies player_position_snapshot and player_rotation_snapshot each frame; destinations are adjacent actor globals	a0 is optional 16-byte VECTOR; a1 is optional 8-byte SVECTOR	absent from vendored/FID inventories	actor_set_player_transform	void actor_set_player_transform(const VECTOR *position, const SVECTOR *rotation)	supported
GAME.EXE	0x8002cb44	0x74	actor-transform	no reconstruction unit	two signed divisions by 2000 plus compiler traps; leaf return	writes cell_x/cell_z from actor position.x/position.z; currently no admitted callers	a0 is a KfActor pointer; no return value	absent from vendored/FID inventories	actor_update_cell_from_position	void actor_update_cell_from_position(KfActor *actor)	supported effect; original reachability remains unknown
GAME.EXE	0x8002cbb8	0x9c	actor-transform	no reconstruction unit	three word copies and two signed divisions by 2000; leaf return	three common-initialization callers pass KfActor plus stack KfVec3i	live a0/a1 and field widths prove actor and const position pointers	absent from vendored/FID inventories	actor_set_position	void actor_set_position(KfActor *actor, const KfVec3i *position)	supported
GAME.EXE	0x8002cc54	0x10	actor-transform	100.000000000%	three signed-halfword stores; jr delay owns z store	three common-initialization callers; offsets 0x2c/0x2e/0x30 are the actor rotation triplet	a0 actor plus three s16 values; no return value	absent from vendored/FID inventories	actor_set_rotation	void actor_set_rotation(KfActor *actor, s16 x, s16 y, s16 z)	supported; exact C body
GAME.EXE	0x8002cc64	0xc4	actor-lifecycle	no reconstruction unit	2 calls; 3 branches; definition stride arithmetic; common return	loads initial_health from actor_definitions, seeds rotation.y, clears action state, and marks the occupied map cell	a0 is the initialized KfActor pointer; no return value	absent from vendored/FID inventories; rand is only a callee	actor_initialize	void actor_initialize(KfActor *actor)	supported
GAME.EXE	0x8002cd28	0xa4	actor-lifecycle	no reconstruction unit	5 calls; straight-line common initializer	uses current_actor tile/local coordinates to build KfVec3i, then set position/rotation and initialize	no live arguments or return value	absent from vendored/FID inventories	actor_initialize_current	void actor_initialize_current(void)	supported
GAME.EXE	0x8002cdcc	0xbc	actor-lifecycle	no reconstruction unit	5 calls; straight-line pool-indexed common initializer	indexes actor_pool at 0x48, marks lifecycle live, builds position from tile/local fields, then initializes	a0 is masked to u16 before stride arithmetic; no return value	absent from vendored/FID inventories	actor_initialize_slot	void actor_initialize_slot(u16 actor_index)	supported
GAME.EXE	0x8002ce88	0x40	actor-pool	no reconstruction unit	one three-block 128-record loop; 0x48 stride	startup caller after the 0x2b48 subsystem memset; writes slot_state 0xff, lifecycle zero, and offset 0x34 zero	no arguments or return value	absent from vendored/FID inventories	actor_pool_clear	void actor_pool_clear(void)	supported
GAME.EXE	0x8002cec8	0xc	actor-lifecycle	100.000000000%	two byte stores; jr delay owns action_timer reset	six callers select actions 2, 5, 6 and others on spawn/hit/death paths	a0 actor pointer and a1 u8 action; no return value	absent from vendored/FID inventories	actor_set_action	void actor_set_action(KfActor *actor, u8 action)	supported; exact C body
GAME.EXE	0x8002ced4	0xb0	actor-pool	no reconstruction unit	4 calls; six-block free-slot scan; common exhausted/success return	sole caller passes definition ID, KfVec3i position, and KfVec3s rotation; common helpers finish initialization and select action 2	a1 remains live through actor_set_position while a2 is saved for rotation; all three inputs are proven	absent from vendored/FID inventories	actor_pool_spawn	void actor_pool_spawn(u8 definition_id, const KfVec3i *position, const KfVec3s *rotation)	supported
GAME.EXE	0x8002cf84	0xf4	actor-lifecycle	no reconstruction unit	one 128-record scan; 11 CFG blocks; common loop tail	matches definition_id, requires lifecycle 1, then uses definition death_action to select action 6 or lifecycle 3	a0 is masked to u16 for definition stride and comparisons	absent from vendored/FID inventories	actor_pool_begin_death_by_definition	void actor_pool_begin_death_by_definition(u16 definition_id)	supported
GAME.EXE	0x8002d078	0xa8	combat	no reconstruction unit	18 CFG blocks including compiler division traps; leaf calculation	five calls from actor_apply_damage, one for each definition defense component	three signed arithmetic values and signed s32 result are directly observed	absent from vendored/FID inventories	combat_calculate_damage_component	s32 combat_calculate_damage_component(s32 base_power, s32 attack, s32 defense)	supported algorithmic identity
GAME.EXE	0x8002d120	0x388	actor-combat	no reconstruction unit	10 calls; 29 branches; 38-block CFG with early exclusions and shared health tail	indexes actor_pool/actor_definitions, combines five damage components, subtracts u16 health, and selects hit/death action using definition fields	all nine inputs are masked or loaded as u16; no result escapes	absent from vendored/FID inventories	actor_apply_damage	void actor_apply_damage(u16 actor_index, u16 base_power, u16 component0, u16 component1, u16 component2, u16 component3, u16 component4, u16 scale, u16 hit_flags)	supported; component meanings remain deliberately numbered
GAME.EXE	0x8002dbb0	0x8c	actor-context	no reconstruction unit	four stores; signed division by 0x48 plus compiler traps; common return	two actor-update-loop callers; derives current_actor_definition with 0x98 stride and caches actor/definition indices	a0 is proven within actor_pool and stored as KfActor pointer	absent from vendored/FID inventories	actor_bind_current	void actor_bind_current(KfActor *actor)	supported
