# GAME animation-cache owner slots: retail disassembly/CFG, addr, callers/callees,
# strings and match snapshots inspected before editing; source baseline fa4c113.
image	va	body_size	family	before_match	retail_cfg	caller_callee_data_evidence	signature_evidence	vendor_check	first_source_hypothesis	verdict
GAME.EXE	0x80016a30	0xf4	animation-owner-slot	100.000000% exact	24-byte frame; optional weapon load; weapon ID 0xff skips load; path decimal digits use 10 and 0x30; failure exit(1); return delay slot restores frame	four proven callers and four calls; twelve validated references; sw zero at 0x80016b08 clears player_state+0x74; attack phase -1 is the adjacent halfword; no direct string-base references	u8 weapon_id confirmed by four call sites and entry mask; cache slot cleared with a word store	game equipment policy; exit's twelve bytes equal Release 2.5 LIBAPI.LIB/A56.OBJ at XDEF zero	type and name player_state+0x74 as weapon_animation_cache without changing the equipment algorithm	100.000000% exact preserved; allocated code/data bytes and ordered relocations identical; supported pointer type and semantic names retained
GAME.EXE	0x8001e9a4	0x214	animation-owner-slot	91.406010% fuzzy	168-byte frame; model/light transforms; descriptor low nibble asset and high nibble texture selection; cached/static vertex paths; return delay slot restores frame	one proven caller in render_entities with 72-byte actor stride; twenty proven calls and twelve validated references; binder call 0x8001eaf4 receives actor+0x34 from 0x8001eadc; no strings	KfActor pointer; binder clip lbu actor+0x0a and phase lhu +0x12; fifth vertex-count word in call delay slot	game actor/asset policy; GTE calls remain on authentic MATRIX/SVECTOR/long interfaces	replace actor unknown_34 with KfPoolRecord pointer and pass its address	91.406010% unchanged; allocated bytes and ordered relocations identical; first difference remains compiled frame 160 versus retail 168; later descriptor/table instruction differences remain unattributed
GAME.EXE	0x8001eedc	0x1e8	animation-owner-slot	100.000000% exact	112-byte frame; sprite_id 0xff skips; mode 0xff chooses billboard; otherwise sprite_id+30 model asset and depth bias 100; return delay slot restores frame	one proven caller in render_entities with 60-byte effect stride; twenty proven calls and eight validated references; binder call 0x8001f05c receives effect+0x34 from 0x8001f044; no strings	KfEffectRenderView pointer agrees with KfEffectRecord at the same slot; clip lbu +4, phase lhu +8 and fifth stack count	game effect/render policy; GTE interfaces remain vendor declarations	type both compatible effect views as animation_cache pointers; align local parameter name with the existing sprite identity; include direct owner headers	100.000000% exact preserved; allocated code/data bytes and ordered relocations identical; supported pointer type and semantic names retained
GAME.EXE	0x8001f0c4	0x154	animation-owner-slot	100.000000% exact	120-byte frame; low-halfword view-relative coordinates; event+0x34 eight-byte rotation view; variant+10 asset; cached/static vertex paths; return delay slot restores frame	one proven caller in render_entities with 68-byte event stride; fifteen proven calls and six validated references; binder call 0x8001f1b4 receives event+0x3c from 0x8001f19c; no strings	KfMapEvent pointer; clip lbu +0x0f and phase lhu +0x12; fifth stack count; rotation view ends at +0x3c and rotation_target begins +0x40	game map-event rendering policy; GTE interfaces remain vendor declarations	split unknown_3a[6] into two opaque bytes and animation_cache pointer; preserve every adjacent offset; include direct owner headers	100.000000% exact preserved; allocated code/data bytes and ordered relocations identical; supported pointer type and semantic names retained
GAME.EXE	0x8001f798	0x118	animation-owner-slot	100.000000% exact	72-byte frame; signed attack phase -1 skips; weapon transform fields and screen distance; cached vertices shift 3; depth bias 50 minus signed halfword shifted by 5; return delay slot restores frame	one proven caller at render_frame+0x4e4; ten proven calls and five validated references; binder call 0x8001f858 receives player_state+0x74 via +0x70 base plus four at 0x8001f840; no strings	void parameters; asset 0x14, clip zero in call delay slot, signed phase converted to binder u16 and fifth stack count	game weapon-rendering policy; GTE interfaces remain vendor declarations	pass address of typed weapon_animation_cache; replace umbrella header with asset/player/render/vendor headers	100.000000% exact preserved; allocated code/data bytes and ordered relocations identical; supported pointer type and semantic names retained
GAME.EXE	0x8001f8b0	0x124	animation-owner-slot	100.000000% exact	120-byte frame; save/set/restore color matrix; while state equals one, advance 28-byte entries; scale z 0x1000; asset 0x15; return delay slot restores frame	one proven caller at 0x8002012c; twelve proven calls and two validated references; binder call 0x8001f978 receives entry+0x18 from 0x8001f960; no strings; both retail DATA(0x80055d74,0x38) cache words are zero	void parameters; clip byte +1 and phase halfword +2; fifth count in call delay slot; full KfEffectSprite extent remains 0x1c	game screen-effect policy; GTE interfaces remain vendor declarations	type entry animation_cache and scalar zero initializer; preserve all 56 load-data bytes	100.000000% exact preserved; allocated code/data bytes and ordered relocations identical; supported pointer type and semantic names retained
GAME.EXE	0x800205d4	0x3a4	animation-owner-slot	90.793990% fuzzy	72-byte frame; static/allocation/cache paths; retry loop; two-word vertex copies and extra-vector save/blend/restore; incoming s5 keyframe index uninitialized; framed return delay slot	five proven callers; twelve proven calls and nine validated references; lw from caller slot at 0x80020604; store its address into record+0x10 at 0x80020688; store record through that slot at 0x800206b4 delay slot; release clears through same pointer; no strings	KfPoolRecord **owner_slot; four u16 arguments with fifth argument on O32 stack; zero/one/record return convention unchanged	game asset/cache policy; all 128 gteMIMefunc bytes equal Release 2.5 LIBGTE.LIB/MSC.OBJ XDEF 0x61c; SDK SVECTOR pointers and long arguments	move binder declaration to pool.h; remove three slot casts using the proven pointer-to-pointer type; retain all codegen residues	90.793990% unchanged; allocated bytes and ordered relocations identical; typed owner_slot removes three casts; first difference remains epilogue target +0x378 versus retail +0x374; no codegen workaround
GAME.EXE	0x8002beb0	0x3cc	animation-owner-slot	100.000000% exact	688-byte frame; four directory entries, four six-word summaries, five read retries; header 0x280 and payload 0x2580; returns 7, 0x0c, 0x0d or 1; framed return delay slot	one proven caller in save_system_read_slot; thirteen proven calls and twenty validated references; literal bu00:BISLPS-00017KF followed by six spaces; saves live weapon buffer +0x6c and cache +0x74 before copying 0xe0 player bytes and restores cache at 0x8002c24c/0x8002c250	s16 slot_id sign extension in caller delay slot and callee; cache preserved by word loads/stores around memcpy	game save layout and retry policy; twelve unmasked bytes each of open/lseek/read/close equal Release 2.5 LIBAPI.LIB A50/A51/A52/A54.OBJ at XDEF zero	replace saved_07f4 integer with saved_weapon_animation_cache pointer and preserve it around the state copy	100.000000% exact preserved; allocated code/data bytes and ordered relocations identical; supported pointer type and semantic names retained
GAME.EXE	0x8002ce88	0x40	animation-owner-slot	100.000000% exact	leaf; 128-entry 72-byte-stride scan; byte slot_state 0xff and lifecycle zero; word zero at +0x34; u16 loop counter mask and sltiu 128; actor advance in loop delay slot; jr ra with nop	one proven caller in game_main_loop; no calls; validated actor_state+0x720 reference; cache-slot address at 0x8002ce98 and store at 0x8002cea4; no strings	void parameters; typed actor pool extent and stride; word-sized null record pointer	game actor-pool reset policy and object extent; not a generic SDK/runtime scan	clear animation_cache by semantic field name with no loop or layout change	100.000000% exact preserved; allocated code/data bytes and ordered relocations identical; supported pointer type and semantic names retained
